gamesPlayed,groundOuts,airOuts,runs,doubles,triples,homeRuns,strikeOuts,baseOnBalls,intentionalWalks,hits,hitByPitch,avg,atBats,obp,slg,ops,caughtStealing,stolenBases,stolenBasePercentage,caughtStealingPercentage,groundIntoDoublePlay,numberOfPitches,plateAppearances,totalBases,rbi,leftOnBase,sacBunts,sacFlies,babip,groundOutsToAirouts,catchersInterference,atBatsPerHomeRun,Team,Season,DataSource,OPS,OPS_Index_Raw,ISO,BB%_Official,K%_Official,obp_num,slg_num,Offense_Index,OPS_Index,wRC+,wRC+_Source
162,1349,1479,743,271,19,199,1349,545,17,1284,98,.238,5395,.317,.406,.723,20,88,.815,.185,99,23968,6104,2190,698,1084,17,49,.278,0.91,0,27.11,OAK,2021,MLB_STATSAPI_OFFICIAL,0.723,72.3,0.16800000000000004,8.928571428571429,22.100262123197904,0.317,0.406,99.75429975429977,99.75429975429977,99.75429975429977,MLB_OFFICIAL_OBP_SLG_INDEX_NOT_WRCPLUS
162,1450,1365,609,240,35,124,1328,529,24,1261,49,.236,5336,.309,.364,.673,30,60,.667,.333,102,22993,5983,1943,570,1128,31,37,.290,1.06,1,43.03,PIT,2021,MLB_STATSAPI_OFFICIAL,0.673,67.30000000000001,0.128,8.841718201571117,22.19622263078723,0.309,0.364,86.91123012889574,86.91123012889574,86.91123012889574,MLB_OFFICIAL_OBP_SLG_INDEX_NOT_WRCPLUS
162,1482,1355,729,273,21,180,1324,586,42,1305,61,.242,5384,.321,.401,.722,39,110,.738,.262,121,23760,6119,2160,695,1123,36,46,.287,1.09,6,29.91,SD,2021,MLB_STATSAPI_OFFICIAL,0.722,72.2,0.15900000000000003,9.576728223565942,21.637522470991993,0.321,0.401,99.78762817879536,99.78762817879536,99.78762817879536,MLB_OFFICIAL_OBP_SLG_INDEX_NOT_WRCPLUS
162,1262,1437,697,233,11,199,1492,535,8,1209,72,.226,5355,.303,.385,.688,24,64,.727,.273,92,24050,6010,2061,673,1040,9,36,.273,0.88,3,26.91,SEA,2021,MLB_STATSAPI_OFFICIAL,0.688,68.8,0.159,8.901830282861898,24.825291181364392,0.303,0.385,90.17819080910563,90.17819080910563,90.17819080910563,MLB_OFFICIAL_OBP_SLG_INDEX_NOT_WRCPLUS
162,1304,1403,804,271,25,241,1461,602,45,1360,64,.249,5462,.329,.440,.769,14,66,.825,.175,117,24617,6196,2404,768,1138,36,30,.295,0.93,2,22.66,SF,2021,MLB_STATSAPI_OFFICIAL,0.769,76.9,0.191,9.715945771465462,23.57972885732731,0.329,0.44,111.89359706709867,111.89359706709867,111.89359706709867,MLB_OFFICIAL_OBP_SLG_INDEX_NOT_WRCPLUS
162,1303,1487,706,261,22,198,1341,478,32,1303,86,.244,5351,.313,.412,.725,22,89,.802,.198,99,23222,6001,2202,678,1081,40,44,.287,0.88,2,27.02,STL,2021,MLB_STATSAPI_OFFICIAL,0.725,72.5,0.16799999999999998,7.965339110148309,22.346275620729877,0.313,0.412,99.96667157550436,99.96667157550436,99.96667157550436,MLB_OFFICIAL_OBP_SLG_INDEX_NOT_WRCPLUS
162,1270,1406,857,288,36,222,1542,585,27,1336,72,.243,5507,.321,.429,.750,42,88,.677,.323,75,24326,6213,2362,810,1085,6,41,.294,0.90,2,24.81,TB,2021,MLB_STATSAPI_OFFICIAL,0.75,75.0,0.186,9.415741187831966,24.818928054080157,0.321,0.429,106.66723505840227,106.66723505840227,106.66723505840227,MLB_OFFICIAL_OBP_SLG_INDEX_NOT_WRCPLUS
162,1463,1354,625,225,24,167,1381,433,10,1254,58,.232,5405,.294,.375,.669,29,106,.785,.215,113,22926,5943,2028,598,1007,16,31,.280,1.08,0,32.36,TEX,2021,MLB_STATSAPI_OFFICIAL,0.669,66.9,0.143,7.285882550900219,23.237422177351505,0.294,0.375,84.88207163286026,84.88207163286026,84.88207163286026,MLB_OFFICIAL_OBP_SLG_INDEX_NOT_WRCPLUS
162,1317,1531,846,285,13,262,1218,496,14,1455,51,.266,5476,.330,.466,.796,20,81,.802,.198,112,23254,6070,2552,816,1056,10,35,.296,0.86,2,20.90,TOR,2021,MLB_STATSAPI_OFFICIAL,0.796,79.60000000000001,0.2,8.171334431630973,20.0658978583196,0.33,0.466,118.59726086855424,118.59726086855424,118.59726086855424,MLB_OFFICIAL_OBP_SLG_INDEX_NOT_WRCPLUS
162,1364,1400,729,271,17,228,1405,525,17,1311,70,.241,5431,.314,.423,.737,15,54,.783,.217,122,23514,6078,2300,690,1092,7,42,.282,0.97,3,23.82,MIN,2021,MLB_STATSAPI_OFFICIAL,0.737,73.7,0.182,8.637709772951629,23.11615663047055,0.314,0.423,102.9848316914563,102.9848316914563,102.9848316914563,MLB_OFFICIAL_OBP_SLG_INDEX_NOT_WRCPLUS
162,1426,1340,734,262,24,198,1402,564,37,1288,67,.240,5366,.318,.408,.726,19,77,.802,.198,103,23823,6089,2192,700,1115,47,43,.286,1.06,2,27.10,PHI,2021,MLB_STATSAPI_OFFICIAL,0.726,72.6,0.16799999999999998,9.26260469699458,23.025127278699294,0.318,0.408,100.56115765894944,100.56115765894944,100.56115765894944,MLB_OFFICIAL_OBP_SLG_INDEX_NOT_WRCPLUS
161,1277,1400,790,269,20,239,1453,549,36,1307,67,.244,5363,.319,.435,.754,19,59,.756,.244,81,23528,6056,2333,762,1072,32,43,.288,0.91,2,22.44,ATL,2021,MLB_STATSAPI_OFFICIAL,0.754,75.4,0.191,9.065389696169088,23.992734478203435,0.319,0.435,107.51052170610534,107.51052170610534,107.51052170610534,MLB_OFFICIAL_OBP_SLG_INDEX_NOT_WRCPLUS
162,1413,1245,796,275,22,190,1389,586,10,1373,78,.256,5357,.336,.422,.758,20,57,.740,.260,139,23930,6084,2262,757,1125,24,39,.310,1.13,0,28.20,CWS,2021,MLB_STATSAPI_OFFICIAL,0.758,75.8,0.16599999999999998,9.63182117028271,22.830374753451675,0.336,0.422,109.67919453723871,109.67919453723871,109.67919453723871,MLB_OFFICIAL_OBP_SLG_INDEX_NOT_WRCPLUS
162,1344,1268,623,226,23,158,1553,450,25,1244,65,.233,5348,.298,.372,.670,29,106,.785,.215,95,23267,5929,1990,594,1042,30,30,.296,1.06,5,33.85,MIA,2021,MLB_STATSAPI_OFFICIAL,0.67,67.0,0.13899999999999998,7.589812784617979,26.19328723224827,0.298,0.372,85.40680054875638,85.40680054875638,85.40680054875638,MLB_OFFICIAL_OBP_SLG_INDEX_NOT_WRCPLUS
162,1319,1308,711,213,12,222,1482,621,14,1266,63,.237,5331,.322,.407,.729,18,63,.778,.222,154,24804,6060,2169,666,1097,10,34,.285,1.01,1,24.01,NYY,2021,MLB_STATSAPI_OFFICIAL,0.729,72.89999999999999,0.16999999999999998,10.247524752475247,24.455445544554454,0.322,0.407,101.57728706624604,101.57728706624604,101.57728706624604,MLB_OFFICIAL_OBP_SLG_INDEX_NOT_WRCPLUS
162,1352,1354,738,255,18,194,1465,586,26,1251,88,.233,5362,.317,.396,.713,21,82,.796,.204,102,24078,6099,2124,700,1113,25,35,.283,1.00,3,27.64,MIL,2021,MLB_STATSAPI_OFFICIAL,0.713,71.3,0.163,9.608132480734547,24.020331201836367,0.317,0.396,97.29729729729732,97.29729729729732,97.29729729729732,MLB_OFFICIAL_OBP_SLG_INDEX_NOT_WRCPLUS
162,1365,1402,723,265,23,190,1394,464,35,1331,59,.245,5437,.310,.407,.717,26,79,.752,.248,107,23027,6016,2212,691,1029,30,25,.294,0.97,1,28.62,LAA,2021,MLB_STATSAPI_OFFICIAL,0.717,71.7,0.16199999999999998,7.712765957446808,23.17154255319149,0.31,0.407,97.79179810725553,97.79179810725553,97.79179810725553,MLB_OFFICIAL_OBP_SLG_INDEX_NOT_WRCPLUS
162,1356,1431,679,308,31,144,1465,537,24,1297,54,.236,5489,.309,.382,.691,16,43,.729,.271,99,24204,6144,2099,644,1152,32,28,.295,0.95,4,38.12,AZ,2021,MLB_STATSAPI_OFFICIAL,0.691,69.1,0.14600000000000002,8.740234375,23.844401041666664,0.309,0.382,91.33383455150017,91.33383455150017,91.33383455150017,MLB_OFFICIAL_OBP_SLG_INDEX_NOT_WRCPLUS
162,1288,1427,659,266,15,195,1454,451,12,1296,65,.239,5420,.304,.402,.706,23,54,.701,.299,105,23609,5983,2177,632,1046,14,31,.290,0.90,2,27.80,BAL,2021,MLB_STATSAPI_OFFICIAL,0.706,70.6,0.16300000000000003,7.538024402473676,24.30218953702156,0.304,0.402,94.67055239925904,94.67055239925904,94.67055239925904,MLB_OFFICIAL_OBP_SLG_INDEX_NOT_WRCPLUS
162,1303,1424,829,330,23,219,1386,512,22,1434,61,.261,5495,.328,.449,.777,21,40,.656,.344,100,23974,6122,2467,783,1093,10,42,.309,0.92,2,25.09,BOS,2021,MLB_STATSAPI_OFFICIAL,0.777,77.7,0.188,8.36327997386475,22.639660241751063,0.328,0.449,113.78944186515163,113.78944186515163,113.78944186515163,MLB_OFFICIAL_OBP_SLG_INDEX_NOT_WRCPLUS
162,1310,1215,705,225,26,210,1596,502,17,1255,92,.237,5306,.312,.407,.719,37,86,.699,.301,133,23541,5972,2162,672,1019,40,30,.296,1.08,2,25.27,CHC,2021,MLB_STATSAPI_OFFICIAL,0.719,71.89999999999999,0.16999999999999998,8.40589417280643,26.72471533824514,0.312,0.407,98.42271293375396,98.42271293375396,98.42271293375396,MLB_OFFICIAL_OBP_SLG_INDEX_NOT_WRCPLUS
162,1362,1364,786,295,13,222,1425,553,22,1352,105,.249,5423,.328,.431,.759,24,36,.600,.400,129,24111,6162,2339,756,1110,35,45,.296,1.00,1,24.43,CIN,2021,MLB_STATSAPI_OFFICIAL,0.759,75.9,0.182,8.974358974358974,23.125608568646545,0.328,0.431,109.36683744254721,109.36683744254721,109.36683744254721,MLB_OFFICIAL_OBP_SLG_INDEX_NOT_WRCPLUS
162,1373,1359,717,248,22,203,1387,453,18,1269,64,.238,5332,.303,.407,.710,17,109,.865,.135,105,23079,5907,2170,686,987,20,36,.282,1.01,2,26.27,CLE,2021,MLB_STATSAPI_OFFICIAL,0.71,71.0,0.16899999999999998,7.668867445403758,23.480616218046386,0.303,0.407,95.58359621451102,95.58359621451102,95.58359621451102,MLB_OFFICIAL_OBP_SLG_INDEX_NOT_WRCPLUS
161,1438,1326,739,275,34,182,1356,491,24,1338,58,.249,5374,.317,.414,.731,23,76,.768,.232,98,22881,6007,2227,709,1074,48,36,.299,1.08,0,29.53,COL,2021,MLB_STATSAPI_OFFICIAL,0.731,73.1,0.16499999999999998,8.17379723655735,22.573664058598304,0.317,0.414,101.71990171990171,101.71990171990171,101.71990171990171,MLB_OFFICIAL_OBP_SLG_INDEX_NOT_WRCPLUS
162,1264,1366,697,236,37,179,1514,490,8,1299,44,.242,5376,.308,.399,.707,25,88,.779,.221,113,23733,5979,2146,675,1031,17,50,.300,0.93,2,30.03,DET,2021,MLB_STATSAPI_OFFICIAL,0.707,70.7,0.15700000000000003,8.195350393042315,25.321960194012377,0.308,0.399,95.19528131515513,95.19528131515513,95.19528131515513,MLB_OFFICIAL_OBP_SLG_INDEX_NOT_WRCPLUS
162,1374,1564,863,299,14,221,1222,569,25,1496,64,.267,5593,.339,.444,.783,16,53,.768,.232,136,24556,6291,2486,834,1159,9,54,.303,0.88,2,25.31,HOU,2021,MLB_STATSAPI_OFFICIAL,0.783,78.3,0.177,9.044666984581147,19.42457478938166,0.339,0.444,116.03097218239178,116.03097218239178,116.03097218239178,MLB_OFFICIAL_OBP_SLG_INDEX_NOT_WRCPLUS
162,1406,1497,686,251,29,163,1258,421,8,1349,55,.249,5427,.306,.396,.702,33,124,.790,.210,100,22754,5993,2147,647,1050,31,52,.292,0.94,7,33.29,KC,2021,MLB_STATSAPI_OFFICIAL,0.702,70.19999999999999,0.14700000000000002,7.024862339395963,20.99115634907392,0.306,0.396,93.82726575155598,93.82726575155598,93.82726575155598,MLB_OFFICIAL_OBP_SLG_INDEX_NOT_WRCPLUS
162,1285,1499,830,247,24,237,1408,613,36,1330,104,.244,5445,.330,.429,.759,17,65,.793,.207,96,24466,6239,2336,799,1171,32,45,.284,0.86,0,22.98,LAD,2021,MLB_STATSAPI_OFFICIAL,0.759,75.9,0.185,9.825292514826094,22.56771918576695,0.33,0.429,109.50635177764516,109.50635177764516,109.50635177764516,MLB_OFFICIAL_OBP_SLG_INDEX_NOT_WRCPLUS
162,1555,1208,724,272,20,182,1303,573,43,1388,84,.258,5385,.337,.417,.754,26,56,.683,.317,158,23472,6113,2246,686,1185,38,31,.307,1.29,2,29.59,WSH,2021,MLB_STATSAPI_OFFICIAL,0.754,75.4,0.15899999999999997,9.373466383117945,21.315229838050058,0.337,0.417,108.76615072198668,108.76615072198668,108.76615072198668,MLB_OFFICIAL_OBP_SLG_INDEX_NOT_WRCPLUS
162,1336,1296,636,228,18,176,1392,495,25,1243,94,.239,5210,.315,.391,.706,26,54,.675,.325,123,22385,5856,2035,604,1099,34,23,.291,1.03,0,29.60,NYM,2021,MLB_STATSAPI_OFFICIAL,0.706,70.6,0.15200000000000002,8.452868852459016,23.770491803278688,0.315,0.391,95.43788124229766,95.43788124229766,95.43788124229766,MLB_OFFICIAL_OBP_SLG_INDEX_NOT_WRCPLUS
162,1439,1394,568,249,15,137,1389,433,7,1147,59,.216,5314,.281,.346,.627,23,78,.772,.228,109,22568,5863,1837,537,969,22,33,.264,1.03,2,38.79,OAK,2022,MLB_STATSAPI_OFFICIAL,0.627,62.7,0.12999999999999998,7.3852976292000685,23.690943203138325,0.281,0.346,77.92429792429792,77.92429792429792,77.92429792429792,MLB_OFFICIAL_OBP_SLG_INDEX_NOT_WRCPLUS
162,1366,1333,591,221,29,158,1497,476,14,1186,54,.222,5331,.291,.364,.655,32,89,.736,.264,96,23201,5912,1939,555,1016,19,32,.277,1.02,0,33.74,PIT,2022,MLB_STATSAPI_OFFICIAL,0.655,65.5,0.142,8.051420838971584,25.321380243572396,0.291,0.364,85.7142857142857,85.7142857142857,85.7142857142857,MLB_OFFICIAL_OBP_SLG_INDEX_NOT_WRCPLUS
162,1375,1512,705,275,18,153,1327,574,24,1317,65,.241,5468,.318,.382,.700,22,49,.690,.310,95,24392,6175,2087,682,1174,17,46,.289,0.91,5,35.74,SD,2022,MLB_STATSAPI_OFFICIAL,0.7,70.0,0.14100000000000001,9.295546558704453,21.48987854251012,0.318,0.382,98.9010989010989,98.9010989010989,98.9010989010989,MLB_OFFICIAL_OBP_SLG_INDEX_NOT_WRCPLUS
162,1274,1522,690,229,19,197,1397,596,17,1236,89,.230,5375,.315,.390,.705,27,83,.755,.245,120,24110,6117,2094,663,1129,9,45,.272,0.84,3,27.28,SEA,2022,MLB_STATSAPI_OFFICIAL,0.705,70.5,0.16,9.743338237698218,22.837992479973842,0.315,0.39,100.0,100.0,100.0,MLB_OFFICIAL_OBP_SLG_INDEX_NOT_WRCPLUS
162,1267,1462,716,255,18,183,1462,571,14,1260,95,.234,5392,.315,.389,.704,16,64,.800,.200,109,24342,6117,2100,683,1115,6,53,.283,0.87,0,29.46,SF,2022,MLB_STATSAPI_OFFICIAL,0.704,70.39999999999999,0.155,9.334641163969266,23.900604871669117,0.315,0.389,99.74358974358975,99.74358974358975,99.74358974358975,MLB_OFFICIAL_OBP_SLG_INDEX_NOT_WRCPLUS
162,1374,1560,772,290,21,197,1226,537,11,1386,80,.252,5496,.325,.420,.745,25,95,.792,.208,112,24192,6165,2309,739,1132,5,45,.289,0.88,2,27.90,STL,2022,MLB_STATSAPI_OFFICIAL,0.745,74.5,0.16799999999999998,8.710462287104622,19.886455798864556,0.325,0.42,110.86691086691087,110.86691086691087,110.86691086691087,MLB_OFFICIAL_OBP_SLG_INDEX_NOT_WRCPLUS
162,1346,1415,666,296,17,139,1395,500,13,1294,57,.239,5412,.309,.377,.686,37,95,.720,.280,93,23435,6008,2041,634,1074,7,31,.295,0.95,1,38.94,TB,2022,MLB_STATSAPI_OFFICIAL,0.686,68.60000000000001,0.138,8.322237017310254,23.219041278295606,0.309,0.377,94.76190476190476,94.76190476190476,94.76190476190476,MLB_OFFICIAL_OBP_SLG_INDEX_NOT_WRCPLUS
162,1265,1507,707,224,20,198,1446,456,12,1308,47,.239,5478,.301,.395,.696,41,128,.757,.243,82,23097,6029,2166,670,1007,10,38,.287,0.84,0,27.67,TEX,2022,MLB_STATSAPI_OFFICIAL,0.696,69.6,0.15600000000000003,7.563443357107315,23.98407696135346,0.301,0.395,96.83760683760683,96.83760683760683,96.83760683760683,MLB_OFFICIAL_OBP_SLG_INDEX_NOT_WRCPLUS
162,1487,1403,775,307,12,200,1242,500,13,1464,55,.264,5555,.329,.431,.760,35,67,.657,.343,136,23694,6158,2395,756,1111,8,33,.305,1.06,7,27.78,TOR,2022,MLB_STATSAPI_OFFICIAL,0.76,76.0,0.16699999999999998,8.119519324455993,20.168886001948685,0.329,0.431,114.95726495726495,114.95726495726495,114.95726495726495,MLB_OFFICIAL_OBP_SLG_INDEX_NOT_WRCPLUS
162,1344,1479,696,269,18,178,1353,518,11,1356,62,.248,5476,.317,.401,.718,17,38,.691,.309,133,23946,6113,2195,668,1126,10,46,.295,0.91,1,30.76,MIN,2022,MLB_STATSAPI_OFFICIAL,0.718,71.8,0.15300000000000002,8.473744478979224,22.13315884181253,0.317,0.401,103.45543345543345,103.45543345543345,103.45543345543345,MLB_OFFICIAL_OBP_SLG_INDEX_NOT_WRCPLUS
162,1383,1408,747,255,29,205,1363,478,15,1392,52,.253,5496,.317,.422,.739,28,105,.789,.211,116,23854,6077,2320,719,1075,6,44,.299,0.98,1,26.81,PHI,2022,MLB_STATSAPI_OFFICIAL,0.739,73.9,0.16899999999999998,7.865723218693434,22.42883001480994,0.317,0.422,108.84004884004881,108.84004884004881,108.84004884004881,MLB_OFFICIAL_OBP_SLG_INDEX_NOT_WRCPLUS
162,1285,1369,789,298,11,243,1498,470,13,1394,66,.253,5509,.317,.443,.760,31,87,.737,.263,103,23936,6082,2443,753,1030,1,36,.303,0.94,0,22.67,ATL,2022,MLB_STATSAPI_OFFICIAL,0.76,76.0,0.19,7.727721144360408,24.630055902663596,0.317,0.443,114.22466422466422,114.22466422466422,114.22466422466422,MLB_OFFICIAL_OBP_SLG_INDEX_NOT_WRCPLUS
162,1505,1453,686,272,9,149,1269,388,9,1435,73,.256,5611,.310,.387,.697,10,58,.853,.147,127,23147,6123,2172,654,1117,16,35,.304,1.04,0,37.66,CWS,2022,MLB_STATSAPI_OFFICIAL,0.697,69.69999999999999,0.131,6.336763024661114,20.725134737873592,0.31,0.387,97.64346764346766,97.64346764346766,97.64346764346766,MLB_OFFICIAL_OBP_SLG_INDEX_NOT_WRCPLUS
162,1400,1365,586,248,20,144,1429,436,6,1241,70,.230,5395,.294,.363,.657,29,122,.808,.192,120,23187,5949,1961,554,1045,4,36,.284,1.03,8,37.46,MIA,2022,MLB_STATSAPI_OFFICIAL,0.657,65.7,0.13299999999999998,7.328962850899311,24.020843839300724,0.294,0.363,86.4102564102564,86.4102564102564,86.4102564102564,MLB_OFFICIAL_OBP_SLG_INDEX_NOT_WRCPLUS
162,1312,1466,807,225,8,254,1391,620,36,1308,70,.241,5422,.325,.426,.751,33,102,.756,.244,121,24434,6172,2311,764,1093,14,41,.276,0.89,5,21.35,NYY,2022,MLB_STATSAPI_OFFICIAL,0.751,75.1,0.185,10.045366169799093,22.537265068049255,0.325,0.426,112.4053724053724,112.4053724053724,112.4053724053724,MLB_OFFICIAL_OBP_SLG_INDEX_NOT_WRCPLUS
162,1335,1395,725,251,17,219,1464,577,25,1271,80,.235,5417,.315,.409,.724,30,96,.762,.238,117,24835,6122,2213,703,1102,11,37,.279,0.96,0,24.74,MIL,2022,MLB_STATSAPI_OFFICIAL,0.724,72.39999999999999,0.174,9.425024501796798,23.91375367526952,0.315,0.409,104.87179487179486,104.87179487179486,104.87179487179486,MLB_OFFICIAL_OBP_SLG_INDEX_NOT_WRCPLUS
162,1257,1412,623,219,31,190,1539,449,28,1265,54,.233,5423,.297,.390,.687,27,77,.740,.260,95,23099,5977,2116,600,1050,25,25,.289,0.89,1,28.54,LAA,2022,MLB_STATSAPI_OFFICIAL,0.687,68.7,0.157,7.512129831018906,25.748703362891085,0.297,0.39,94.28571428571428,94.28571428571428,94.28571428571428,MLB_OFFICIAL_OBP_SLG_INDEX_NOT_WRCPLUS
162,1442,1417,702,262,24,173,1341,531,14,1232,60,.230,5351,.304,.385,.689,29,104,.782,.218,97,23541,6027,2061,658,1039,31,50,.272,1.02,4,30.93,AZ,2022,MLB_STATSAPI_OFFICIAL,0.689,68.89999999999999,0.155,8.810353409656546,22.24987555998009,0.304,0.385,95.22588522588522,95.22588522588522,95.22588522588522,MLB_OFFICIAL_OBP_SLG_INDEX_NOT_WRCPLUS
162,1232,1581,674,275,25,171,1390,476,10,1281,83,.236,5429,.305,.390,.695,31,95,.754,.246,95,23241,6049,2119,639,1095,12,43,.284,0.78,6,31.75,BAL,2022,MLB_STATSAPI_OFFICIAL,0.695,69.5,0.15400000000000003,7.8690692676475456,22.979004794180856,0.305,0.39,96.82539682539684,96.82539682539684,96.82539682539684,MLB_OFFICIAL_OBP_SLG_INDEX_NOT_WRCPLUS
162,1409,1392,735,352,12,155,1373,478,23,1427,63,.258,5539,.321,.409,.730,20,52,.722,.278,131,23900,6144,2268,704,1133,12,50,.313,1.01,2,35.74,BOS,2022,MLB_STATSAPI_OFFICIAL,0.73,73.0,0.15099999999999997,7.779947916666667,22.347005208333336,0.321,0.409,106.77655677655676,106.77655677655676,106.77655677655676,MLB_OFFICIAL_OBP_SLG_INDEX_NOT_WRCPLUS
162,1440,1298,657,265,31,159,1448,507,16,1293,84,.238,5425,.311,.387,.698,37,111,.750,.250,130,23812,6072,2097,620,1100,19,36,.294,1.11,1,34.12,CHC,2022,MLB_STATSAPI_OFFICIAL,0.698,69.8,0.14900000000000002,8.349802371541502,23.847167325428195,0.311,0.387,97.96092796092796,97.96092796092796,97.96092796092796,MLB_OFFICIAL_OBP_SLG_INDEX_NOT_WRCPLUS
162,1342,1389,648,235,18,156,1430,452,6,1264,92,.235,5380,.304,.372,.676,33,58,.637,.363,127,23124,5978,2003,618,1020,12,33,.290,0.97,9,34.49,CIN,2022,MLB_STATSAPI_OFFICIAL,0.676,67.60000000000001,0.137,7.561057209769154,23.92104382736701,0.304,0.372,91.89255189255188,91.89255189255188,91.89255189255188,MLB_OFFICIAL_OBP_SLG_INDEX_NOT_WRCPLUS
162,1502,1598,698,273,31,127,1122,450,36,1410,81,.254,5558,.316,.383,.699,27,119,.815,.185,115,23703,6163,2126,662,1156,22,52,.294,0.94,0,43.76,CLE,2022,MLB_STATSAPI_OFFICIAL,0.699,69.89999999999999,0.129,7.301638812266753,18.205419438585103,0.316,0.383,98.52258852258853,98.52258852258853,98.52258852258853,MLB_OFFICIAL_OBP_SLG_INDEX_NOT_WRCPLUS
162,1526,1326,698,280,34,149,1330,453,10,1408,61,.254,5540,.315,.398,.713,20,45,.692,.308,139,23635,6105,2203,669,1113,10,40,.307,1.15,1,37.18,COL,2022,MLB_STATSAPI_OFFICIAL,0.713,71.3,0.14400000000000002,7.42014742014742,21.785421785421786,0.315,0.398,102.05128205128204,102.05128205128204,102.05128205128204,MLB_OFFICIAL_OBP_SLG_INDEX_NOT_WRCPLUS
162,1384,1395,557,235,27,110,1413,380,8,1240,58,.231,5378,.286,.346,.632,24,47,.662,.338,108,22410,5870,1859,530,1015,10,44,.290,0.99,0,48.89,DET,2022,MLB_STATSAPI_OFFICIAL,0.632,63.2,0.11499999999999996,6.473594548551959,24.07155025553663,0.286,0.346,79.5115995115995,79.5115995115995,79.5115995115995,MLB_OFFICIAL_OBP_SLG_INDEX_NOT_WRCPLUS
162,1378,1562,737,284,13,214,1179,528,18,1341,60,.248,5409,.319,.424,.743,22,83,.790,.210,118,22950,6054,2293,715,1068,9,42,.278,0.88,6,25.28,HOU,2022,MLB_STATSAPI_OFFICIAL,0.743,74.3,0.176,8.721506442021804,19.474727452923688,0.319,0.424,109.98778998778995,109.98778998778995,109.98778998778995,MLB_OFFICIAL_OBP_SLG_INDEX_NOT_WRCPLUS
162,1343,1544,640,247,38,138,1287,460,7,1327,48,.244,5437,.306,.380,.686,34,104,.754,.246,101,22872,6010,2064,613,1091,20,44,.293,0.87,1,39.40,KC,2022,MLB_STATSAPI_OFFICIAL,0.686,68.60000000000001,0.136,7.653910149750416,21.414309484193012,0.306,0.38,94.57875457875457,94.57875457875457,94.57875457875457,MLB_OFFICIAL_OBP_SLG_INDEX_NOT_WRCPLUS
162,1200,1590,847,325,31,212,1374,607,22,1418,56,.257,5526,.333,.442,.775,18,98,.845,.155,85,25138,6247,2441,812,1159,3,53,.302,0.75,2,26.07,LAD,2022,MLB_STATSAPI_OFFICIAL,0.775,77.5,0.185,9.716663998719385,21.99455738754602,0.333,0.442,119.04761904761907,119.04761904761907,119.04761904761907,MLB_OFFICIAL_OBP_SLG_INDEX_NOT_WRCPLUS
162,1550,1369,603,252,20,136,1221,442,12,1351,60,.249,5434,.310,.377,.687,31,75,.708,.292,141,22758,5998,2051,579,1099,20,37,.295,1.13,5,39.96,WSH,2022,MLB_STATSAPI_OFFICIAL,0.687,68.7,0.128,7.369123041013672,20.3567855951984,0.31,0.377,95.07936507936508,95.07936507936508,95.07936507936508,MLB_OFFICIAL_OBP_SLG_INDEX_NOT_WRCPLUS
162,1451,1463,772,272,27,171,1217,510,25,1422,112,.259,5489,.332,.412,.744,22,62,.738,.262,122,23987,6176,2261,735,1158,20,44,.302,0.99,1,32.10,NYM,2022,MLB_STATSAPI_OFFICIAL,0.744,74.4,0.15299999999999997,8.257772020725389,19.705310880829018,0.332,0.412,111.037851037851,111.037851037851,111.037851037851,MLB_OFFICIAL_OBP_SLG_INDEX_NOT_WRCPLUS
162,1324,1368,585,225,21,171,1496,498,12,1187,85,.223,5311,.298,.370,.668,31,149,.828,.172,125,22950,5966,1967,563,1043,28,36,.276,0.97,8,31.06,OAK,2023,MLB_STATSAPI_OFFICIAL,0.668,66.8,0.147,8.347301374455245,25.075427422058333,0.298,0.37,82.42326868970302,82.42326868970302,82.42326868970302,MLB_OFFICIAL_OBP_SLG_INDEX_NOT_WRCPLUS
162,1360,1357,692,287,31,159,1464,556,9,1293,58,.239,5406,.315,.392,.707,41,117,.741,.259,92,24009,6089,2119,662,1111,25,43,.296,1.00,1,34.00,PIT,2023,MLB_STATSAPI_OFFICIAL,0.707,70.7,0.15300000000000002,9.131220233207424,24.043356873049763,0.315,0.392,93.04609535878348,93.04609535878348,93.04609535878348,MLB_OFFICIAL_OBP_SLG_INDEX_NOT_WRCPLUS
162,1342,1498,752,273,14,205,1311,653,16,1316,57,.244,5401,.329,.413,.742,32,137,.811,.189,134,24573,6180,2232,719,1144,22,44,.283,0.90,3,26.35,SD,2023,MLB_STATSAPI_OFFICIAL,0.742,74.2,0.16899999999999998,10.566343042071196,21.21359223300971,0.329,0.413,102.49221183800623,102.49221183800623,102.49221183800623,MLB_OFFICIAL_OBP_SLG_INDEX_NOT_WRCPLUS
162,1175,1431,758,283,12,210,1603,548,14,1332,111,.242,5500,.321,.413,.734,30,118,.797,.203,95,24391,6201,2269,728,1144,4,37,.301,0.82,1,26.19,SEA,2023,MLB_STATSAPI_OFFICIAL,0.734,73.4,0.17099999999999999,8.837284308982422,25.850669246895663,0.321,0.413,100.0,100.0,100.0,MLB_OFFICIAL_OBP_SLG_INDEX_NOT_WRCPLUS
162,1304,1401,674,256,13,174,1492,544,19,1271,81,.235,5412,.312,.383,.695,16,57,.781,.219,116,23907,6095,2075,651,1130,17,39,.290,0.93,2,31.10,SF,2023,MLB_STATSAPI_OFFICIAL,0.695,69.5,0.14800000000000002,8.925348646431502,24.479081214109925,0.312,0.383,89.93233916408319,89.93233916408319,89.93233916408319,MLB_OFFICIAL_OBP_SLG_INDEX_NOT_WRCPLUS
162,1384,1474,719,264,12,209,1326,570,17,1376,70,.250,5510,.326,.416,.742,29,101,.777,.223,122,23924,6204,2291,697,1183,13,37,.291,0.94,4,26.36,STL,2023,MLB_STATSAPI_OFFICIAL,0.742,74.2,0.16599999999999998,9.18762088974855,21.37330754352031,0.326,0.416,102.28402465056989,102.28402465056989,102.28402465056989,MLB_OFFICIAL_OBP_SLG_INDEX_NOT_WRCPLUS
162,1319,1384,860,282,24,230,1420,514,7,1432,95,.260,5511,.331,.445,.776,41,160,.796,.204,109,23942,6164,2452,827,1047,6,38,.308,0.95,0,23.96,TB,2023,MLB_STATSAPI_OFFICIAL,0.776,77.60000000000001,0.185,8.338741077222583,23.036988968202465,0.331,0.445,110.86344881687826,110.86344881687826,110.86344881687826,MLB_OFFICIAL_OBP_SLG_INDEX_NOT_WRCPLUS
162,1249,1517,881,326,18,233,1416,599,17,1470,53,.263,5595,.337,.452,.789,19,79,.806,.194,103,24733,6306,2531,845,1164,10,47,.310,0.82,2,24.01,TEX,2023,MLB_STATSAPI_OFFICIAL,0.789,78.9,0.189,9.498889946083096,22.454804947668887,0.337,0.452,114.4275229496202,114.4275229496202,114.4275229496202,MLB_OFFICIAL_OBP_SLG_INDEX_NOT_WRCPLUS
162,1346,1526,746,292,19,188,1303,550,14,1423,69,.256,5562,.329,.417,.746,34,99,.744,.256,129,24161,6220,2317,705,1170,4,32,.301,0.88,3,29.58,TOR,2023,MLB_STATSAPI_OFFICIAL,0.746,74.6,0.16099999999999998,8.842443729903538,20.94855305466238,0.329,0.417,103.46073484042755,103.46073484042755,103.46073484042755,MLB_OFFICIAL_OBP_SLG_INDEX_NOT_WRCPLUS
162,1172,1371,778,264,24,233,1654,594,13,1336,92,.243,5489,.326,.428,.754,18,86,.827,.173,119,24568,6219,2347,745,1138,12,32,.304,0.85,0,23.56,MIN,2023,MLB_STATSAPI_OFFICIAL,0.754,75.4,0.185,9.55137481910275,26.595915742080724,0.326,0.428,105.1895936578338,105.1895936578338,105.1895936578338,MLB_OFFICIAL_OBP_SLG_INDEX_NOT_WRCPLUS
162,1298,1400,796,291,29,220,1481,539,22,1417,69,.256,5541,.327,.438,.765,26,141,.844,.156,110,24250,6207,2426,771,1123,13,42,.308,0.93,3,25.19,PHI,2023,MLB_STATSAPI_OFFICIAL,0.765,76.5,0.182,8.68374415981956,23.86015788625745,0.327,0.438,107.92242764363786,107.92242764363786,107.92242764363786,MLB_OFFICIAL_OBP_SLG_INDEX_NOT_WRCPLUS
162,1396,1414,947,293,23,307,1289,538,20,1543,67,.276,5597,.344,.501,.845,27,132,.830,.170,128,24463,6249,2803,916,1062,2,43,.306,0.99,2,18.23,ATL,2023,MLB_STATSAPI_OFFICIAL,0.845,84.5,0.22499999999999998,8.609377500400065,20.62730036805889,0.344,0.501,128.47261508753664,128.47261508753664,128.47261508753664,MLB_OFFICIAL_OBP_SLG_INDEX_NOT_WRCPLUS
162,1466,1348,641,264,13,171,1424,377,19,1308,52,.238,5501,.291,.384,.675,22,86,.796,.204,122,22662,5980,2111,617,1009,16,29,.289,1.09,5,32.17,CWS,2023,MLB_STATSAPI_OFFICIAL,0.675,67.5,0.14600000000000002,6.304347826086956,23.812709030100336,0.291,0.384,83.63241383992215,83.63241383992215,83.63241383992215,MLB_OFFICIAL_OBP_SLG_INDEX_NOT_WRCPLUS
162,1503,1344,666,258,23,166,1287,430,23,1423,50,.259,5497,.316,.405,.721,21,86,.804,.196,159,23088,6043,2225,633,1097,22,38,.308,1.12,6,33.11,MIA,2023,MLB_STATSAPI_OFFICIAL,0.721,72.1,0.14600000000000002,7.115671024325667,21.297368856528216,0.316,0.405,96.5053215964035,96.5053215964035,96.5053215964035,MLB_OFFICIAL_OBP_SLG_INDEX_NOT_WRCPLUS
162,1336,1398,673,221,15,219,1427,557,18,1207,47,.227,5323,.304,.397,.701,30,100,.769,.231,119,23541,5973,2115,650,1007,9,36,.266,0.96,1,24.31,NYY,2023,MLB_STATSAPI_OFFICIAL,0.701,70.1,0.17,9.325297170601038,23.890842122886323,0.304,0.397,90.82995783455155,90.82995783455155,90.82995783455155,MLB_OFFICIAL_OBP_SLG_INDEX_NOT_WRCPLUS
162,1383,1347,728,257,16,165,1412,591,15,1290,58,.240,5386,.319,.385,.704,28,129,.822,.178,144,24391,6084,2074,696,1075,7,39,.292,1.03,3,32.64,MIL,2023,MLB_STATSAPI_OFFICIAL,0.704,70.39999999999999,0.14500000000000002,9.714003944773175,23.208415516107824,0.319,0.385,92.59728602354929,92.59728602354929,92.59728602354929,MLB_OFFICIAL_OBP_SLG_INDEX_NOT_WRCPLUS
162,1260,1413,739,248,26,231,1524,518,27,1346,79,.245,5489,.317,.426,.743,31,72,.699,.301,117,23849,6145,2339,708,1102,8,46,.295,0.89,5,23.76,LAA,2023,MLB_STATSAPI_OFFICIAL,0.743,74.3,0.181,8.429617575264443,24.800650935720096,0.317,0.426,101.90159383886615,101.90159383886615,101.90159383886615,MLB_OFFICIAL_OBP_SLG_INDEX_NOT_WRCPLUS
162,1479,1437,746,274,44,166,1247,540,11,1359,58,.250,5436,.322,.408,.730,26,166,.865,.135,121,23784,6124,2219,706,1091,36,50,.293,1.03,4,32.75,AZ,2023,MLB_STATSAPI_OFFICIAL,0.73,73.0,0.15799999999999997,8.817766165904638,20.362508164598303,0.322,0.408,99.10087272672415,99.10087272672415,99.10087272672415,MLB_OFFICIAL_OBP_SLG_INDEX_NOT_WRCPLUS
162,1318,1476,807,309,28,183,1370,512,14,1399,45,.255,5495,.321,.421,.742,24,114,.826,.174,114,24038,6123,2313,780,1041,21,47,.305,0.89,3,30.03,BAL,2023,MLB_STATSAPI_OFFICIAL,0.742,74.2,0.16599999999999998,8.36191409439817,22.374652947901357,0.321,0.421,101.93704600484264,101.93704600484264,101.93704600484264,MLB_OFFICIAL_OBP_SLG_INDEX_NOT_WRCPLUS
162,1371,1428,772,339,19,182,1372,486,15,1437,71,.258,5562,.324,.424,.748,26,112,.812,.188,118,24251,6174,2360,734,1117,11,35,.310,0.96,9,30.56,BOS,2023,MLB_STATSAPI_OFFICIAL,0.748,74.8,0.16599999999999998,7.871720116618077,22.22222222222222,0.324,0.424,103.59801769591095,103.59801769591095,103.59801769591095,MLB_OFFICIAL_OBP_SLG_INDEX_NOT_WRCPLUS
162,1365,1416,819,269,30,196,1391,570,11,1399,77,.254,5504,.330,.421,.751,34,140,.805,.195,95,24790,6220,2316,786,1127,15,52,.303,0.96,2,28.08,CHC,2023,MLB_STATSAPI_OFFICIAL,0.751,75.1,0.16699999999999998,9.163987138263666,22.363344051446944,0.33,0.421,104.74078432259964,104.74078432259964,104.74078432259964,MLB_OFFICIAL_OBP_SLG_INDEX_NOT_WRCPLUS
162,1303,1373,783,268,37,198,1500,556,8,1371,92,.249,5499,.327,.420,.747,48,190,.798,.202,101,24440,6195,2307,747,1107,19,29,.306,0.95,0,27.77,CIN,2023,MLB_STATSAPI_OFFICIAL,0.747,74.7,0.17099999999999999,8.974979822437449,24.213075060532688,0.327,0.42,103.56407413274198,103.56407413274198,103.56407413274198,MLB_OFFICIAL_OBP_SLG_INDEX_NOT_WRCPLUS
162,1496,1553,662,294,29,124,1142,471,40,1379,55,.250,5513,.313,.381,.694,36,151,.807,.193,108,23310,6096,2103,622,1121,13,44,.292,0.96,0,44.46,CLE,2023,MLB_STATSAPI_OFFICIAL,0.694,69.39999999999999,0.131,7.7263779527559056,18.733595800524935,0.313,0.381,89.75960414262332,89.75960414262332,89.75960414262332,MLB_OFFICIAL_OBP_SLG_INDEX_NOT_WRCPLUS
162,1292,1345,721,305,31,163,1543,447,8,1368,59,.249,5496,.310,.405,.715,25,76,.752,.248,124,23487,6055,2224,685,1038,11,41,.315,0.96,1,33.72,COL,2023,MLB_STATSAPI_OFFICIAL,0.715,71.5,0.15600000000000003,7.382328654004954,25.48307184145334,0.31,0.405,94.63616271789883,94.63616271789883,94.63616271789883,MLB_OFFICIAL_OBP_SLG_INDEX_NOT_WRCPLUS
162,1328,1429,661,245,29,165,1473,508,10,1292,49,.236,5478,.305,.382,.687,23,85,.787,.213,107,23976,6080,2090,635,1103,13,31,.291,0.93,1,33.20,DET,2023,MLB_STATSAPI_OFFICIAL,0.687,68.7,0.14600000000000002,8.355263157894736,24.226973684210527,0.305,0.382,87.50952305522242,87.50952305522242,87.50952305522242,MLB_OFFICIAL_OBP_SLG_INDEX_NOT_WRCPLUS
162,1387,1552,827,280,22,222,1241,550,17,1441,72,.259,5567,.331,.437,.768,32,107,.770,.230,124,23820,6253,2431,799,1134,14,40,.294,0.89,10,25.08,HOU,2023,MLB_STATSAPI_OFFICIAL,0.768,76.8,0.178,8.795778026547257,19.84647369262754,0.331,0.437,108.92640281203568,108.92640281203568,108.92640281203568,MLB_OFFICIAL_OBP_SLG_INDEX_NOT_WRCPLUS
162,1270,1509,676,258,43,163,1396,411,12,1325,71,.244,5428,.303,.398,.701,47,163,.776,.224,96,23106,5985,2158,651,1009,14,58,.296,0.84,3,33.30,KC,2023,MLB_STATSAPI_OFFICIAL,0.701,70.1,0.15400000000000003,6.867167919799498,23.3249791144528,0.303,0.398,90.76056210540608,90.76056210540608,90.76056210540608,MLB_OFFICIAL_OBP_SLG_INDEX_NOT_WRCPLUS
162,1254,1563,906,303,20,249,1359,644,29,1422,85,.257,5524,.340,.455,.795,25,105,.808,.192,98,24989,6333,2512,877,1163,5,69,.294,0.80,6,22.18,LAD,2023,MLB_STATSAPI_OFFICIAL,0.795,79.5,0.198,10.168956260855834,21.45902415916627,0.34,0.455,116.08849464068855,116.08849464068855,116.08849464068855,MLB_OFFICIAL_OBP_SLG_INDEX_NOT_WRCPLUS
162,1515,1515,700,279,26,151,1149,423,6,1401,78,.254,5522,.314,.396,.710,29,127,.814,.186,112,22870,6085,2185,665,1082,20,38,.293,1.00,4,36.57,WSH,2023,MLB_STATSAPI_OFFICIAL,0.71,71.0,0.14200000000000002,6.95152013147083,18.882497945768286,0.314,0.396,93.703091881454,93.703091881454,93.703091881454,MLB_OFFICIAL_OBP_SLG_INDEX_NOT_WRCPLUS
162,1354,1459,717,221,21,215,1331,525,11,1276,107,.238,5363,.316,.407,.723,15,118,.887,.113,105,23682,6056,2184,692,1082,19,38,.275,0.93,4,24.94,NYM,2023,MLB_STATSAPI_OFFICIAL,0.723,72.3,0.16899999999999998,8.669088507265522,21.978203434610304,0.316,0.407,96.98958309761414,96.98958309761414,96.98958309761414,MLB_OFFICIAL_OBP_SLG_INDEX_NOT_WRCPLUS
162,1289,1430,643,240,19,196,1502,493,11,1267,53,.233,5432,.301,.393,.694,26,98,.790,.210,105,23171,6034,2133,619,1073,19,37,.284,0.90,0,27.71,OAK,2024,MLB_STATSAPI_OFFICIAL,0.694,69.39999999999999,0.16,8.170367915147498,24.89227709645343,0.301,0.393,96.4646629419681,96.4646629419681,96.4646629419681,MLB_OFFICIAL_OBP_SLG_INDEX_NOT_WRCPLUS
162,1385,1366,665,236,17,160,1506,485,14,1283,60,.234,5477,.301,.371,.672,19,106,.848,.152,100,23732,6086,2033,643,1112,16,47,.291,1.01,1,34.23,PIT,2024,MLB_STATSAPI_OFFICIAL,0.672,67.2,0.13699999999999998,7.96910943148209,24.745317121261913,0.301,0.371,90.90208392806164,90.90208392806164,90.90208392806164,MLB_OFFICIAL_OBP_SLG_INDEX_NOT_WRCPLUS
162,1463,1589,760,259,18,190,1077,458,18,1456,56,.263,5526,.324,.420,.744,28,120,.811,.189,133,23637,6103,2321,726,1068,28,31,.295,0.92,4,29.08,SD,2024,MLB_STATSAPI_OFFICIAL,0.744,74.4,0.15699999999999997,7.504505980665247,17.647058823529413,0.324,0.42,110.71081929774476,110.71081929774476,110.71081929774476,MLB_OFFICIAL_OBP_SLG_INDEX_NOT_WRCPLUS
162,1134,1424,676,228,13,185,1625,571,14,1195,116,.224,5330,.311,.376,.687,28,140,.833,.167,106,24320,6067,2004,642,1117,14,34,.284,0.80,2,28.81,SEA,2024,MLB_STATSAPI_OFFICIAL,0.687,68.7,0.152,9.411570792813581,26.784242624031645,0.311,0.376,95.39211288283511,95.39211288283511,95.39211288283511,MLB_OFFICIAL_OBP_SLG_INDEX_NOT_WRCPLUS
162,1282,1480,693,266,30,177,1452,492,15,1303,52,.239,5460,.305,.396,.701,22,68,.756,.244,115,23806,6062,2160,661,1075,10,47,.290,0.87,1,30.85,SF,2024,MLB_STATSAPI_OFFICIAL,0.701,70.1,0.15700000000000003,8.11613328934345,23.95249092708677,0.305,0.396,98.5135190245096,98.5135190245096,98.5135190245096,MLB_OFFICIAL_OBP_SLG_INDEX_NOT_WRCPLUS
162,1373,1517,672,257,21,165,1318,478,10,1363,56,.248,5507,.312,.392,.704,29,91,.758,.242,91,23977,6114,2157,639,1149,17,47,.294,0.91,9,33.38,STL,2024,MLB_STATSAPI_OFFICIAL,0.704,70.39999999999999,0.14400000000000002,7.8181223421655215,21.557082106640497,0.312,0.392,99.76020553811018,99.76020553811018,99.76020553811018,MLB_OFFICIAL_OBP_SLG_INDEX_NOT_WRCPLUS
162,1282,1423,604,245,23,147,1485,493,15,1241,78,.230,5389,.302,.366,.668,53,178,.771,.229,87,23956,6006,1973,564,1099,10,32,.289,0.90,4,36.66,TB,2024,MLB_STATSAPI_OFFICIAL,0.668,66.8,0.13599999999999998,8.208458208458207,24.725274725274726,0.302,0.366,89.96044207006237,89.96044207006237,89.96044207006237,MLB_OFFICIAL_OBP_SLG_INDEX_NOT_WRCPLUS
162,1323,1599,683,220,15,176,1284,490,20,1302,55,.238,5472,.305,.380,.685,25,97,.795,.205,96,23201,6053,2080,652,1084,6,30,.279,0.83,0,31.09,TEX,2024,MLB_STATSAPI_OFFICIAL,0.685,68.5,0.14200000000000002,8.095159425078473,21.212621840409714,0.305,0.38,94.46800701439582,94.46800701439582,94.46800701439582,MLB_OFFICIAL_OBP_SLG_INDEX_NOT_WRCPLUS
162,1378,1552,671,280,26,156,1233,510,18,1306,78,.241,5410,.313,.389,.702,16,72,.818,.182,126,23494,6060,2106,640,1106,14,45,.283,0.89,3,34.68,TOR,2024,MLB_STATSAPI_OFFICIAL,0.702,70.19999999999999,0.14800000000000002,8.415841584158416,20.346534653465344,0.313,0.389,99.32425268137517,99.32425268137517,99.32425268137517,MLB_OFFICIAL_OBP_SLG_INDEX_NOT_WRCPLUS
162,1250,1639,742,309,23,183,1306,473,15,1352,101,.246,5490,.315,.411,.726,23,65,.739,.261,115,23382,6123,2256,702,1087,10,47,.289,0.76,2,30.00,MIN,2024,MLB_STATSAPI_OFFICIAL,0.726,72.6,0.16499999999999998,7.724971419238935,21.329413686101585,0.315,0.411,105.53199298560418,105.53199298560418,105.53199298560418,MLB_OFFICIAL_OBP_SLG_INDEX_NOT_WRCPLUS
162,1349,1445,784,285,24,198,1370,515,21,1423,62,.257,5534,.325,.425,.750,30,148,.831,.169,107,23754,6166,2350,750,1115,13,40,.306,0.93,2,27.95,PHI,2024,MLB_STATSAPI_OFFICIAL,0.75,75.0,0.16799999999999998,8.35225429776192,22.21861822899773,0.325,0.425,112.29762244606664,112.29762244606664,112.29762244606664,MLB_OFFICIAL_OBP_SLG_INDEX_NOT_WRCPLUS
162,1281,1454,704,273,15,213,1461,485,11,1333,58,.243,5481,.309,.415,.724,20,69,.775,.225,119,23955,6075,2275,674,1088,9,39,.291,0.88,3,25.73,ATL,2024,MLB_STATSAPI_OFFICIAL,0.724,72.39999999999999,0.172,7.983539094650206,24.049382716049383,0.309,0.415,104.60788711716486,104.60788711716486,104.60788711716486,MLB_OFFICIAL_OBP_SLG_INDEX_NOT_WRCPLUS
162,1328,1510,507,226,9,133,1403,395,8,1187,43,.221,5383,.278,.340,.618,33,90,.732,.268,116,22484,5869,1830,485,1014,18,27,.272,0.88,3,40.47,CWS,2024,MLB_STATSAPI_OFFICIAL,0.618,61.8,0.11900000000000002,6.730277730448117,23.90526495143977,0.278,0.34,75.64454956975655,75.64454956975655,75.64454956975655,MLB_OFFICIAL_OBP_SLG_INDEX_NOT_WRCPLUS
162,1556,1273,637,243,23,150,1410,403,16,1347,55,.244,5522,.300,.378,.678,43,125,.744,.256,119,22820,6048,2086,611,1059,24,41,.299,1.22,3,36.81,MIA,2024,MLB_STATSAPI_OFFICIAL,0.678,67.80000000000001,0.134,6.663359788359788,23.313492063492063,0.3,0.378,92.34941478732512,92.34941478732512,92.34941478732512,MLB_OFFICIAL_OBP_SLG_INDEX_NOT_WRCPLUS
162,1410,1433,815,243,15,237,1326,672,26,1352,49,.248,5450,.333,.429,.762,26,88,.772,.228,138,24962,6245,2336,782,1141,14,57,.283,0.98,3,23.00,NYY,2024,MLB_STATSAPI_OFFICIAL,0.762,76.2,0.181,10.760608486789431,21.23298638911129,0.333,0.429,115.88964560988542,115.88964560988542,115.88964560988542,MLB_OFFICIAL_OBP_SLG_INDEX_NOT_WRCPLUS
162,1339,1364,777,249,33,177,1459,597,19,1359,46,.248,5472,.326,.403,.729,42,217,.838,.162,97,24893,6170,2205,742,1113,15,34,.305,0.98,6,30.92,MIL,2024,MLB_STATSAPI_OFFICIAL,0.729,72.89999999999999,0.15500000000000003,9.675850891410049,23.646677471636952,0.326,0.403,107.05762407732146,107.05762407732146,107.05762407732146,MLB_OFFICIAL_OBP_SLG_INDEX_NOT_WRCPLUS
162,1312,1449,635,227,15,165,1416,482,4,1227,86,.229,5357,.301,.369,.670,50,133,.727,.273,116,23323,5975,1979,596,1015,12,35,.279,0.91,3,32.47,LAA,2024,MLB_STATSAPI_OFFICIAL,0.67,67.0,0.13999999999999999,8.06694560669456,23.698744769874477,0.301,0.369,90.39639492679743,90.39639492679743,90.39639492679743,MLB_OFFICIAL_OBP_SLG_INDEX_NOT_WRCPLUS
162,1433,1472,886,271,37,211,1265,569,17,1452,84,.263,5522,.337,.440,.777,30,119,.799,.201,112,24532,6284,2430,845,1111,34,66,.302,0.97,9,26.17,AZ,2024,MLB_STATSAPI_OFFICIAL,0.777,77.7,0.177,9.054742202418842,20.130490133672822,0.337,0.44,119.96125769748377,119.96125769748377,119.96125769748377,MLB_OFFICIAL_OBP_SLG_INDEX_NOT_WRCPLUS
162,1286,1581,786,262,33,235,1359,489,14,1391,64,.250,5567,.315,.435,.750,25,98,.797,.203,71,24121,6176,2424,759,1108,6,45,.288,0.81,5,23.69,BAL,2024,MLB_STATSAPI_OFFICIAL,0.75,75.0,0.185,7.9177461139896375,22.004533678756477,0.315,0.435,111.60026100077482,111.60026100077482,111.60026100077482,MLB_OFFICIAL_OBP_SLG_INDEX_NOT_WRCPLUS
162,1271,1379,751,311,30,194,1570,493,30,1404,73,.252,5577,.319,.423,.742,44,144,.766,.234,110,24208,6192,2357,724,1116,7,40,.314,0.92,2,28.75,BOS,2024,MLB_STATSAPI_OFFICIAL,0.742,74.2,0.17099999999999999,7.9618863049095605,25.35529715762274,0.319,0.423,109.8564495738347,109.8564495738347,109.8564495738347,MLB_OFFICIAL_OBP_SLG_INDEX_NOT_WRCPLUS
162,1262,1557,736,253,29,170,1362,546,19,1318,70,.242,5441,.317,.393,.710,30,143,.827,.173,89,23970,6116,2139,696,1105,17,41,.291,0.81,1,32.01,CHC,2024,MLB_STATSAPI_OFFICIAL,0.71,71.0,0.15100000000000002,8.927403531720078,22.269457161543492,0.317,0.393,101.62595326454876,101.62595326454876,101.62595326454876,MLB_OFFICIAL_OBP_SLG_INDEX_NOT_WRCPLUS
162,1271,1426,699,257,29,174,1459,496,7,1230,87,.231,5325,.305,.388,.693,45,207,.821,.179,86,23184,5970,2067,663,989,18,43,.283,0.89,1,30.60,CIN,2024,MLB_STATSAPI_OFFICIAL,0.693,69.3,0.157,8.30820770519263,24.43886097152429,0.305,0.388,96.49076301945271,96.49076301945271,96.49076301945271,MLB_OFFICIAL_OBP_SLG_INDEX_NOT_WRCPLUS
161,1340,1571,708,245,18,185,1196,466,30,1263,87,.238,5310,.307,.395,.702,46,148,.763,.237,111,22805,5927,2099,670,978,17,43,.271,0.85,4,28.70,CLE,2024,MLB_STATSAPI_OFFICIAL,0.702,70.19999999999999,0.15700000000000003,7.862324953602159,20.17884258478151,0.307,0.395,98.90583581420007,98.90583581420007,98.90583581420007,MLB_OFFICIAL_OBP_SLG_INDEX_NOT_WRCPLUS
162,1273,1309,682,277,25,179,1617,453,20,1319,51,.242,5454,.304,.400,.704,31,85,.733,.267,126,23302,6026,2183,655,1028,19,45,.308,0.97,4,30.47,COL,2024,MLB_STATSAPI_OFFICIAL,0.704,70.39999999999999,0.15800000000000003,7.517424493859941,26.833720544307997,0.304,0.4,99.20231638187676,99.20231638187676,99.20231638187676,MLB_OFFICIAL_OBP_SLG_INDEX_NOT_WRCPLUS
162,1248,1505,682,244,47,162,1461,476,12,1273,52,.234,5442,.300,.385,.685,24,76,.760,.240,90,23763,6021,2097,656,1045,4,41,.288,0.83,6,33.59,DET,2024,MLB_STATSAPI_OFFICIAL,0.685,68.5,0.151,7.9056635110446765,24.265072247135027,0.3,0.385,94.1193262917499,94.1193262917499,94.1193262917499,MLB_OFFICIAL_OBP_SLG_INDEX_NOT_WRCPLUS
161,1397,1567,740,264,16,190,1176,448,28,1448,67,.262,5530,.322,.418,.740,24,93,.795,.205,132,22359,6107,2314,701,1113,12,46,.299,0.89,4,29.10,HOU,2024,MLB_STATSAPI_OFFICIAL,0.74,74.0,0.15599999999999997,7.335844113312592,19.256590797445554,0.322,0.418,109.55996900615798,109.55996900615798,109.55996900615798,MLB_OFFICIAL_OBP_SLG_INDEX_NOT_WRCPLUS
162,1361,1633,735,264,35,170,1161,429,22,1343,52,.248,5421,.306,.403,.709,31,134,.812,.188,95,22755,5982,2187,711,990,23,54,.283,0.83,3,31.89,KC,2024,MLB_STATSAPI_OFFICIAL,0.709,70.89999999999999,0.15500000000000003,7.1715145436308925,19.408224674022065,0.306,0.403,100.60601117409567,100.60601117409567,100.60601117409567,MLB_OFFICIAL_OBP_SLG_INDEX_NOT_WRCPLUS
162,1239,1585,842,291,26,233,1336,602,33,1423,64,.258,5522,.335,.446,.781,23,136,.855,.145,99,24779,6255,2465,815,1143,10,51,.297,0.78,6,23.70,LAD,2024,MLB_STATSAPI_OFFICIAL,0.781,78.10000000000001,0.188,9.624300559552358,21.358912869704234,0.335,0.446,120.83316341095389,120.83316341095389,120.83316341095389,MLB_OFFICIAL_OBP_SLG_INDEX_NOT_WRCPLUS
162,1513,1401,660,267,18,135,1220,456,11,1306,73,.243,5374,.309,.375,.684,73,223,.753,.247,115,22769,5971,2014,621,1010,26,40,.288,1.08,2,39.81,WSH,2024,MLB_STATSAPI_OFFICIAL,0.684,68.4,0.132,7.636911740077039,20.432088427399094,0.309,0.375,94.49410709188042,94.49410709188042,94.49410709188042,MLB_OFFICIAL_OBP_SLG_INDEX_NOT_WRCPLUS
162,1360,1457,768,279,15,207,1382,514,11,1357,92,.246,5510,.319,.415,.734,22,106,.828,.172,105,24098,6166,2287,735,1110,10,36,.291,0.93,4,26.62,NYM,2024,MLB_STATSAPI_OFFICIAL,0.734,73.4,0.16899999999999998,8.336036328251703,22.41323386312034,0.319,0.415,107.83369356877776,107.83369356877776,107.83369356877776,MLB_OFFICIAL_OBP_SLG_INDEX_NOT_WRCPLUS
162,1403,1388,733,296,16,219,1406,502,14,1403,44,.253,5547,.318,.431,.749,28,80,.741,.259,117,23091,6151,2388,709,1106,18,35,.299,1.01,5,25.33,OAK,2025,MLB_STATSAPI_OFFICIAL,0.749,74.9,0.178,8.161274589497642,22.85807185823443,0.318,0.431,109.2438382388131,109.2438382388131,109.2438382388131,MLB_OFFICIAL_OBP_SLG_INDEX_NOT_WRCPLUS
162,1390,1364,583,245,21,117,1422,530,19,1244,54,.231,5375,.305,.350,.655,36,115,.762,.238,123,23526,6008,1882,561,1127,13,32,.291,1.02,4,45.94,PIT,2025,MLB_STATSAPI_OFFICIAL,0.655,65.5,0.11899999999999997,8.821571238348868,23.66844207723036,0.305,0.35,84.76509531785914,84.76509531785914,84.76509531785914,MLB_OFFICIAL_OBP_SLG_INDEX_NOT_WRCPLUS
162,1440,1547,702,254,18,152,1161,510,18,1369,58,.252,5424,.321,.390,.711,30,106,.779,.221,103,23491,6087,2115,663,1127,48,45,.293,0.93,2,35.68,SD,2025,MLB_STATSAPI_OFFICIAL,0.711,71.1,0.138,8.378511582060128,19.073435189748643,0.321,0.39,99.89471165350561,99.89471165350561,99.89471165350561,MLB_OFFICIAL_OBP_SLG_INDEX_NOT_WRCPLUS
162,1288,1486,766,234,9,238,1446,544,29,1345,89,.244,5502,.320,.420,.740,37,161,.813,.187,102,24369,6200,2311,734,1120,24,38,.287,0.87,2,23.12,SEA,2025,MLB_STATSAPI_OFFICIAL,0.74,74.0,0.176,8.774193548387096,23.32258064516129,0.32,0.42,107.11493977825634,107.11493977825634,107.11493977825634,MLB_OFFICIAL_OBP_SLG_INDEX_NOT_WRCPLUS
162,1255,1553,705,239,28,173,1380,556,14,1261,66,.235,5375,.311,.386,.697,24,68,.739,.261,103,23891,6072,2075,672,1076,22,52,.281,0.81,1,31.07,SF,2025,MLB_STATSAPI_OFFICIAL,0.697,69.69999999999999,0.15100000000000002,9.156785243741766,22.727272727272727,0.311,0.386,95.7150833532743,95.7150833532743,95.7150833532743,MLB_OFFICIAL_OBP_SLG_INDEX_NOT_WRCPLUS
162,1275,1571,689,264,9,148,1321,478,17,1331,88,.245,5433,.314,.379,.693,27,89,.767,.233,115,23489,6069,2057,653,1092,25,40,.295,0.81,5,36.71,STL,2025,MLB_STATSAPI_OFFICIAL,0.693,69.3,0.134,7.876091613115835,21.766353600263635,0.314,0.379,94.90867033580601,94.90867033580601,94.90867033580601,MLB_OFFICIAL_OBP_SLG_INDEX_NOT_WRCPLUS
162,1402,1356,714,242,16,182,1397,468,10,1374,46,.251,5470,.313,.401,.714,48,194,.802,.198,109,23513,6045,2194,680,1042,16,43,.303,1.03,2,30.06,TB,2025,MLB_STATSAPI_OFFICIAL,0.714,71.39999999999999,0.15000000000000002,7.741935483870968,23.110008271298593,0.313,0.401,100.11884820930047,100.11884820930047,100.11884820930047,MLB_OFFICIAL_OBP_SLG_INDEX_NOT_WRCPLUS
162,1284,1608,684,245,15,175,1327,486,19,1275,63,.234,5443,.302,.381,.683,33,134,.802,.198,92,23533,6046,2075,658,1066,11,40,.276,0.80,3,31.10,TEX,2025,MLB_STATSAPI_OFFICIAL,0.683,68.30000000000001,0.147,8.038372477671189,21.94839563347668,0.302,0.381,91.60165908909627,91.60165908909627,91.60165908909627,MLB_OFFICIAL_OBP_SLG_INDEX_NOT_WRCPLUS
162,1432,1595,798,294,13,191,1099,520,25,1461,65,.265,5507,.333,.427,.760,25,77,.755,.245,133,23366,6180,2354,771,1121,35,45,.298,0.90,8,28.83,TOR,2025,MLB_STATSAPI_OFFICIAL,0.76,76.0,0.16199999999999998,8.414239482200648,17.783171521035598,0.333,0.427,113.00071787508972,113.00071787508972,113.00071787508972,MLB_OFFICIAL_OBP_SLG_INDEX_NOT_WRCPLUS
162,1303,1505,678,249,20,191,1372,495,10,1295,88,.238,5432,.310,.397,.707,34,114,.770,.230,105,23634,6059,2157,643,1089,9,34,.283,0.87,1,28.44,MIN,2025,MLB_STATSAPI_OFFICIAL,0.707,70.7,0.15900000000000003,8.169664961214721,22.644000660174946,0.31,0.397,98.16144213129138,98.16144213129138,98.16144213129138,MLB_OFFICIAL_OBP_SLG_INDEX_NOT_WRCPLUS
162,1355,1457,778,268,24,212,1337,528,19,1426,60,.258,5517,.328,.431,.759,30,124,.805,.195,95,23954,6166,2378,753,1133,16,42,.303,0.93,3,26.02,PHI,2025,MLB_STATSAPI_OFFICIAL,0.759,75.9,0.173,8.563087901394745,21.68342523516056,0.328,0.431,112.4184414134163,112.4184414134163,112.4184414134163,MLB_OFFICIAL_OBP_SLG_INDEX_NOT_WRCPLUS
162,1356,1483,724,243,19,190,1371,575,14,1349,51,.245,5508,.320,.399,.719,25,82,.766,.234,98,24559,6186,2200,701,1160,15,36,.291,0.91,1,28.99,ATL,2025,MLB_STATSAPI_OFFICIAL,0.719,71.89999999999999,0.15400000000000003,9.295182670546396,22.162948593598447,0.32,0.399,101.83855786870862,101.83855786870862,101.83855786870862,MLB_OFFICIAL_OBP_SLG_INDEX_NOT_WRCPLUS
162,1237,1584,647,243,10,165,1364,498,8,1250,49,.232,5377,.302,.373,.675,21,85,.802,.198,108,23243,5987,2008,626,1055,22,36,.279,0.78,5,32.59,CWS,2025,MLB_STATSAPI_OFFICIAL,0.675,67.5,0.141,8.318022381827292,22.782695840988808,0.302,0.373,89.59160883783998,89.59160883783998,89.59160883783998,MLB_OFFICIAL_OBP_SLG_INDEX_NOT_WRCPLUS
162,1479,1492,709,272,29,154,1247,482,13,1388,54,.250,5543,.314,.393,.707,44,138,.758,.242,94,23006,6142,2180,677,1117,19,44,.295,0.99,0,35.99,MIA,2025,MLB_STATSAPI_OFFICIAL,0.707,70.7,0.14300000000000002,7.847606642787365,20.302832953435363,0.314,0.393,98.42625827550451,98.42625827550451,98.42625827550451,MLB_OFFICIAL_OBP_SLG_INDEX_NOT_WRCPLUS
162,1200,1498,849,255,20,274,1463,639,47,1371,55,.251,5471,.332,.455,.787,38,134,.779,.221,104,24740,6235,2488,820,1127,7,54,.290,0.80,9,19.97,NYY,2025,MLB_STATSAPI_OFFICIAL,0.787,78.7,0.20400000000000001,10.2485966319166,23.464314354450682,0.332,0.455,119.71843343702639,119.71843343702639,119.71843343702639,MLB_OFFICIAL_OBP_SLG_INDEX_NOT_WRCPLUS
162,1435,1462,806,265,18,166,1266,564,15,1423,73,.258,5510,.332,.403,.735,53,164,.756,.244,97,24502,6227,2222,750,1158,26,50,.305,0.98,4,33.19,MIL,2025,MLB_STATSAPI_OFFICIAL,0.735,73.5,0.14500000000000002,9.057330977999037,20.330817408061666,0.332,0.403,106.65310680386058,106.65310680386058,106.65310680386058,MLB_OFFICIAL_OBP_SLG_INDEX_NOT_WRCPLUS
162,1195,1391,673,212,17,226,1627,484,22,1209,87,.225,5374,.298,.397,.695,27,88,.765,.235,99,23764,6000,2133,649,1020,13,35,.276,0.86,7,23.78,LAA,2025,MLB_STATSAPI_OFFICIAL,0.695,69.5,0.17200000000000001,8.066666666666666,27.116666666666667,0.298,0.397,94.35191832176757,94.35191832176757,94.35191832176757,MLB_OFFICIAL_OBP_SLG_INDEX_NOT_WRCPLUS
162,1378,1510,791,277,38,214,1316,545,21,1377,81,.251,5480,.325,.433,.758,39,121,.756,.244,109,24049,6210,2372,768,1112,37,64,.290,0.91,3,25.61,AZ,2025,MLB_STATSAPI_OFFICIAL,0.758,75.8,0.182,8.776167471819646,21.191626409017715,0.325,0.433,111.96857302384942,111.96857302384942,111.96857302384942,MLB_OFFICIAL_OBP_SLG_INDEX_NOT_WRCPLUS
162,1317,1414,677,251,19,191,1457,484,14,1273,75,.235,5416,.305,.394,.699,37,121,.766,.234,102,23650,6020,2135,643,1044,4,41,.284,0.93,0,28.36,BAL,2025,MLB_STATSAPI_OFFICIAL,0.699,69.89999999999999,0.15900000000000003,8.039867109634551,24.20265780730897,0.305,0.394,95.82037169976867,95.82037169976867,95.82037169976867,MLB_OFFICIAL_OBP_SLG_INDEX_NOT_WRCPLUS
162,1358,1424,786,324,24,186,1419,518,24,1414,72,.254,5562,.324,.421,.745,38,139,.785,.215,99,24097,6206,2344,748,1125,13,41,.307,0.95,0,29.90,BOS,2025,MLB_STATSAPI_OFFICIAL,0.745,74.5,0.16699999999999998,8.346761198839832,22.864969384466647,0.324,0.421,108.63603732950465,108.63603732950465,108.63603732950465,MLB_OFFICIAL_OBP_SLG_INDEX_NOT_WRCPLUS
162,1282,1630,793,267,29,223,1277,554,16,1371,46,.249,5495,.320,.430,.750,35,161,.821,.179,72,23895,6162,2365,771,1108,10,55,.283,0.79,2,24.64,CHC,2025,MLB_STATSAPI_OFFICIAL,0.75,75.0,0.181,8.99058747160013,20.723790976955534,0.32,0.43,109.62750259232669,109.62750259232669,109.62750259232669,MLB_OFFICIAL_OBP_SLG_INDEX_NOT_WRCPLUS
162,1310,1446,716,250,23,167,1415,527,15,1333,51,.245,5448,.315,.391,.706,30,105,.778,.222,106,23624,6082,2130,677,1088,12,44,.298,0.91,0,32.62,CIN,2025,MLB_STATSAPI_OFFICIAL,0.706,70.6,0.14600000000000002,8.664912857612627,23.26537323248931,0.315,0.391,98.24120603015074,98.24120603015074,98.24120603015074,MLB_OFFICIAL_OBP_SLG_INDEX_NOT_WRCPLUS
162,1227,1619,643,243,18,168,1344,494,30,1199,60,.226,5310,.296,.373,.669,34,129,.791,.209,78,23330,5943,1982,621,1016,28,50,.268,0.76,0,31.61,CLE,2025,MLB_STATSAPI_OFFICIAL,0.669,66.9,0.147,8.312300185091704,22.614840989399294,0.296,0.373,87.68684693307809,87.68684693307809,87.68684693307809,MLB_OFFICIAL_OBP_SLG_INDEX_NOT_WRCPLUS
162,1274,1378,597,253,37,160,1531,395,5,1281,48,.237,5408,.293,.386,.679,39,87,.690,.310,118,22447,5908,2088,581,986,21,35,.299,0.92,1,33.80,COL,2025,MLB_STATSAPI_OFFICIAL,0.679,67.9,0.14900000000000002,6.6858496953283675,25.914014895057548,0.293,0.386,90.00079763898859,90.00079763898859,90.00079763898859,MLB_OFFICIAL_OBP_SLG_INDEX_NOT_WRCPLUS
162,1175,1536,758,244,36,198,1454,511,12,1346,65,.247,5456,.316,.413,.729,16,61,.792,.208,90,24036,6093,2256,724,1062,5,50,.298,0.76,6,27.56,DET,2025,MLB_STATSAPI_OFFICIAL,0.729,72.89999999999999,0.16599999999999998,8.38667323157722,23.86344986049565,0.316,0.413,104.08630453856587,104.08630453856587,104.08630453856587,MLB_OFFICIAL_OBP_SLG_INDEX_NOT_WRCPLUS
162,1371,1500,686,247,12,182,1301,471,15,1372,71,.250,5490,.315,.399,.714,28,85,.752,.248,124,22962,6087,2189,655,1116,16,38,.294,0.91,1,30.16,HOU,2025,MLB_STATSAPI_OFFICIAL,0.714,71.39999999999999,0.14900000000000002,7.737801872843765,21.373418761294563,0.315,0.399,100.25125628140702,100.25125628140702,100.25125628140702,MLB_OFFICIAL_OBP_SLG_INDEX_NOT_WRCPLUS
162,1341,1722,651,292,22,159,1096,435,19,1342,69,.247,5431,.309,.397,.706,42,111,.725,.275,97,22874,6008,2155,638,1073,29,41,.281,0.78,3,34.16,KC,2025,MLB_STATSAPI_OFFICIAL,0.706,70.6,0.15000000000000002,7.240346205059921,18.242343541944077,0.309,0.397,97.84398181383108,97.84398181383108,97.84398181383108,MLB_OFFICIAL_OBP_SLG_INDEX_NOT_WRCPLUS
162,1256,1555,825,257,21,244,1353,580,33,1384,56,.253,5481,.327,.441,.768,25,88,.779,.221,108,24339,6187,2415,791,1093,13,54,.289,0.81,3,22.46,LAD,2025,MLB_STATSAPI_OFFICIAL,0.768,76.8,0.188,9.37449490867949,21.86843381283336,0.327,0.441,114.6135439100263,114.6135439100263,114.6135439100263,MLB_OFFICIAL_OBP_SLG_INDEX_NOT_WRCPLUS
162,1479,1337,687,258,28,161,1351,443,11,1313,57,.242,5422,.304,.389,.693,48,132,.733,.267,103,22888,5982,2110,657,988,18,40,.292,1.11,2,33.68,WSH,2025,MLB_STATSAPI_OFFICIAL,0.693,69.3,0.14700000000000002,7.405549983283183,22.584419926446007,0.304,0.389,94.2466299752732,94.2466299752732,94.2466299752732,MLB_OFFICIAL_OBP_SLG_INDEX_NOT_WRCPLUS
162,1397,1444,766,262,19,224,1325,563,28,1359,87,.249,5457,.326,.427,.753,18,147,.891,.109,119,24222,6178,2331,746,1142,15,53,.287,0.97,3,24.36,NYM,2025,MLB_STATSAPI_OFFICIAL,0.753,75.3,0.178,9.112981547426353,21.44707024927161,0.326,0.427,110.7784956528675,110.7784956528675,110.7784956528675,MLB_OFFICIAL_OBP_SLG_INDEX_NOT_WRCPLUS
132,1157,1138,574,205,11,156,1127,440,18,1096,59,.245,4477,.319,.400,.719,27,68,.716,.284,107,19150,5019,1791,549,917,18,23,.292,1.02,2,28.70,OAK,2026,MLB_STATSAPI_OFFICIAL,0.719,71.89999999999999,0.15500000000000003,8.766686590954373,22.454672245467226,0.319,0.4,100.13340238868747,100.13340238868747,100.13340238868747,MLB_OFFICIAL_OBP_SLG_INDEX_NOT_WRCPLUS
133,1111,1091,656,203,14,157,1262,473,10,1161,70,.253,4587,.330,.406,.736,20,111,.847,.153,102,20246,5171,1863,626,969,8,30,.314,1.02,3,29.22,PIT,2026,MLB_STATSAPI_OFFICIAL,0.736,73.6,0.15300000000000002,9.147166892283892,24.405337458905436,0.33,0.406,105.09597124786163,105.09597124786163,105.09597124786163,MLB_OFFICIAL_OBP_SLG_INDEX_NOT_WRCPLUS
132,1171,1125,566,193,11,148,1071,460,16,1037,51,.238,4350,.316,.390,.706,34,128,.790,.210,107,19305,4917,1696,545,867,19,35,.281,1.04,2,29.39,SD,2026,MLB_STATSAPI_OFFICIAL,0.706,70.6,0.15200000000000002,9.355297945901974,21.781574130567417,0.316,0.39,96.69946795988511,96.69946795988511,96.69946795988511,MLB_OFFICIAL_OBP_SLG_INDEX_NOT_WRCPLUS
132,1071,1197,522,158,13,154,1140,442,10,1005,79,.230,4372,.310,.378,.688,34,91,.728,.272,84,19278,4935,1651,503,913,10,31,.274,0.89,1,28.39,SEA,2026,MLB_STATSAPI_OFFICIAL,0.688,68.8,0.148,8.956433637284702,23.10030395136778,0.31,0.378,91.82164885352418,91.82164885352418,91.82164885352418,MLB_OFFICIAL_OBP_SLG_INDEX_NOT_WRCPLUS
131,1093,1269,528,217,25,145,1043,345,14,1100,41,.247,4447,.305,.405,.710,18,58,.763,.237,76,18825,4891,1802,507,884,22,36,.290,0.86,0,30.67,SF,2026,MLB_STATSAPI_OFFICIAL,0.71,71.0,0.15800000000000003,7.053772234716826,21.32488243712942,0.305,0.405,96.96077969772587,96.96077969772587,96.96077969772587,MLB_OFFICIAL_OBP_SLG_INDEX_NOT_WRCPLUS
132,1179,1219,585,187,14,137,1030,427,15,1068,83,.241,4435,.316,.382,.698,22,82,.788,.212,99,19343,5008,1694,570,914,19,42,.281,0.97,2,32.37,STL,2026,MLB_STATSAPI_OFFICIAL,0.698,69.8,0.14100000000000001,8.526357827476039,20.56709265175719,0.316,0.382,94.70941820864134,94.70941820864134,94.70941820864134,MLB_OFFICIAL_OBP_SLG_INDEX_NOT_WRCPLUS
131,1174,1233,591,185,20,136,919,425,20,1146,47,.260,4400,.330,.404,.734,45,128,.740,.260,98,18686,4947,1779,562,909,37,35,.299,0.95,3,32.35,TB,2026,MLB_STATSAPI_OFFICIAL,0.734,73.4,0.14400000000000002,8.59106529209622,18.576915302203357,0.33,0.404,104.59845881005067,104.59845881005067,104.59845881005067,MLB_OFFICIAL_OBP_SLG_INDEX_NOT_WRCPLUS
132,1055,1194,532,191,21,145,1124,424,10,1061,61,.242,4382,.316,.395,.711,19,63,.768,.232,94,19017,4920,1729,512,915,25,27,.292,0.88,1,30.22,TEX,2026,MLB_STATSAPI_OFFICIAL,0.711,71.1,0.15300000000000002,8.617886178861788,22.84552845528455,0.316,0.395,97.94324905441249,97.94324905441249,97.94324905441249,MLB_OFFICIAL_OBP_SLG_INDEX_NOT_WRCPLUS
132,1167,1296,521,211,8,124,961,362,15,1092,46,.245,4454,.306,.380,.686,14,65,.823,.177,95,18738,4927,1691,498,899,21,41,.284,0.90,3,35.92,TOR,2026,MLB_STATSAPI_OFFICIAL,0.686,68.60000000000001,0.135,7.347270144103918,19.504769636695755,0.306,0.38,91.05733163833827,91.05733163833827,91.05733163833827,MLB_OFFICIAL_OBP_SLG_INDEX_NOT_WRCPLUS
132,1035,1310,609,217,19,152,1056,425,8,1096,72,.246,4451,.320,.406,.726,31,74,.705,.295,81,19252,4995,1807,581,899,8,37,.288,0.79,1,29.28,MIN,2026,MLB_STATSAPI_OFFICIAL,0.726,72.6,0.16000000000000003,8.508508508508509,21.14114114114114,0.32,0.406,101.94139711536954,101.94139711536954,101.94139711536954,MLB_OFFICIAL_OBP_SLG_INDEX_NOT_WRCPLUS
132,1111,1194,601,192,21,159,1103,422,16,1073,53,.243,4424,.313,.403,.716,16,95,.856,.144,88,19327,4959,1784,582,878,11,46,.285,0.93,3,27.82,PHI,2026,MLB_STATSAPI_OFFICIAL,0.716,71.6,0.16000000000000003,8.509780197620488,22.242387578140754,0.313,0.403,98.98692656590865,98.98692656590865,98.98692656590865,MLB_OFFICIAL_OBP_SLG_INDEX_NOT_WRCPLUS
131,1075,1246,614,209,9,168,1062,382,10,1092,48,.246,4431,.311,.411,.722,21,65,.756,.244,63,19080,4908,1823,588,853,7,37,.285,0.86,3,26.38,ATL,2026,MLB_STATSAPI_OFFICIAL,0.722,72.2,0.16499999999999998,7.78321108394458,21.638141809290953,0.311,0.411,100.346061490654,100.346061490654,100.346061490654,MLB_OFFICIAL_OBP_SLG_INDEX_NOT_WRCPLUS
131,1077,1141,620,205,12,175,1198,457,18,1041,76,.237,4401,.317,.408,.725,32,71,.689,.311,59,19282,4992,1795,593,885,26,30,.283,0.94,2,25.15,CWS,2026,MLB_STATSAPI_OFFICIAL,0.725,72.5,0.17099999999999999,9.154647435897436,23.998397435897438,0.317,0.408,101.49253731343282,101.49253731343282,101.49253731343282,MLB_OFFICIAL_OBP_SLG_INDEX_NOT_WRCPLUS
132,1067,1204,575,208,28,133,1074,452,10,1092,72,.249,4377,.327,.401,.728,42,132,.759,.241,79,18921,4962,1755,552,927,19,41,.299,0.89,1,32.91,MIA,2026,MLB_STATSAPI_OFFICIAL,0.728,72.8,0.15200000000000002,9.109230149133413,21.644498186215237,0.327,0.401,102.90581791358662,102.90581791358662,102.90581791358662,MLB_OFFICIAL_OBP_SLG_INDEX_NOT_WRCPLUS
130,992,1146,579,192,16,179,1203,473,18,985,34,.230,4289,.309,.407,.716,40,126,.759,.241,75,19317,4837,1746,552,812,7,30,.274,0.87,4,23.96,NYY,2026,MLB_STATSAPI_OFFICIAL,0.716,71.6,0.17699999999999996,9.778788505271862,24.870787678313004,0.309,0.407,98.72012178853365,98.72012178853365,98.72012178853365,MLB_OFFICIAL_OBP_SLG_INDEX_NOT_WRCPLUS
131,1218,1057,650,229,21,120,1095,543,24,1123,33,.254,4428,.337,.396,.733,41,129,.759,.241,82,20301,5076,1754,611,982,30,35,.309,1.15,7,36.90,MIL,2026,MLB_STATSAPI_OFFICIAL,0.733,73.3,0.14200000000000002,10.69739952718676,21.57210401891253,0.337,0.396,104.81661095155141,104.81661095155141,104.81661095155141,MLB_OFFICIAL_OBP_SLG_INDEX_NOT_WRCPLUS
132,1006,1169,539,201,12,129,1244,408,14,1042,73,.236,4415,.309,.375,.684,22,73,.768,.232,94,19317,4944,1654,520,889,20,26,.298,0.86,2,34.22,LAA,2026,MLB_STATSAPI_OFFICIAL,0.684,68.4,0.139,8.25242718446602,25.161812297734627,0.309,0.375,90.75992278355854,90.75992278355854,90.75992278355854,MLB_OFFICIAL_OBP_SLG_INDEX_NOT_WRCPLUS
132,1158,1306,598,228,35,129,957,444,12,1082,47,.244,4428,.317,.399,.716,21,91,.813,.188,81,19659,4997,1767,570,909,33,42,.282,0.89,3,34.33,AZ,2026,MLB_STATSAPI_OFFICIAL,0.716,71.6,0.15500000000000003,8.885331198719232,19.15149089453672,0.317,0.399,99.25373134328356,99.25373134328356,99.25373134328356,MLB_OFFICIAL_OBP_SLG_INDEX_NOT_WRCPLUS
131,997,1177,583,188,18,159,1202,491,15,1020,48,.235,4348,.317,.396,.713,29,68,.701,.299,88,19746,4937,1721,563,883,16,32,.285,0.85,2,27.35,BAL,2026,MLB_STATSAPI_OFFICIAL,0.713,71.3,0.16100000000000003,9.945310917561272,24.346769293092972,0.317,0.396,98.50746268656717,98.50746268656717,98.50746268656717,MLB_OFFICIAL_OBP_SLG_INDEX_NOT_WRCPLUS
131,1104,1200,593,241,22,133,1058,419,10,1103,78,.251,4391,.324,.407,.731,35,97,.735,.265,83,19010,4964,1787,567,906,29,45,.299,0.92,2,33.02,BOS,2026,MLB_STATSAPI_OFFICIAL,0.731,73.1,0.15599999999999997,8.440773569701854,21.313456889605156,0.324,0.407,103.45198298727185,103.45198298727185,103.45198298727185,MLB_OFFICIAL_OBP_SLG_INDEX_NOT_WRCPLUS
132,1024,1293,691,222,21,176,1133,562,20,1135,68,.250,4542,.339,.424,.763,17,99,.853,.147,89,20716,5216,1927,652,1020,6,37,.293,0.79,1,25.81,CHC,2026,MLB_STATSAPI_OFFICIAL,0.763,76.3,0.174,10.774539877300613,21.721625766871167,0.339,0.424,112.41269990740301,112.41269990740301,112.41269990740301,MLB_OFFICIAL_OBP_SLG_INDEX_NOT_WRCPLUS
132,980,1196,537,188,12,169,1258,473,10,991,43,.226,4381,.306,.390,.696,30,89,.748,.252,72,19489,4944,1710,513,900,14,30,.275,0.82,3,25.92,CIN,2026,MLB_STATSAPI_OFFICIAL,0.696,69.6,0.164,9.56715210355987,25.44498381877023,0.306,0.39,93.54489382739301,93.54489382739301,93.54489382739301,MLB_OFFICIAL_OBP_SLG_INDEX_NOT_WRCPLUS
132,1064,1290,531,196,13,124,1065,478,11,1032,42,.235,4393,.314,.370,.684,27,126,.824,.176,70,19663,4973,1626,508,944,23,35,.280,0.82,2,35.43,CLE,2026,MLB_STATSAPI_OFFICIAL,0.684,68.4,0.135,9.611904283128895,21.41564448019304,0.314,0.37,91.09342875527724,91.09342875527724,91.09342875527724,MLB_OFFICIAL_OBP_SLG_INDEX_NOT_WRCPLUS
131,1034,1214,620,239,26,146,1135,412,7,1120,64,.252,4443,.322,.416,.738,35,89,.718,.282,75,18630,4980,1849,596,876,15,45,.304,0.85,1,30.43,COL,2026,MLB_STATSAPI_OFFICIAL,0.738,73.8,0.16399999999999998,8.273092369477911,22.79116465863454,0.322,0.416,105.05987413092268,105.05987413092268,105.05987413092268,MLB_OFFICIAL_OBP_SLG_INDEX_NOT_WRCPLUS
131,950,1328,588,202,26,154,1121,466,7,1065,51,.241,4420,.318,.403,.721,18,38,.679,.321,74,19576,4986,1781,561,922,6,38,.286,0.72,5,28.70,DET,2026,MLB_STATSAPI_OFFICIAL,0.721,72.1,0.16200000000000003,9.346169273967107,22.48295226634577,0.318,0.403,100.56421363215469,100.56421363215469,100.56421363215469,MLB_OFFICIAL_OBP_SLG_INDEX_NOT_WRCPLUS
131,1079,1236,596,194,13,173,1072,436,35,1066,61,.242,4402,.317,.410,.727,19,40,.678,.322,93,19217,4952,1805,567,886,17,34,.280,0.87,2,25.44,HOU,2026,MLB_STATSAPI_OFFICIAL,0.727,72.7,0.16799999999999998,8.804523424878836,21.647819063004846,0.317,0.41,101.99004975124377,101.99004975124377,101.99004975124377,MLB_OFFICIAL_OBP_SLG_INDEX_NOT_WRCPLUS
132,1019,1336,560,235,18,136,1034,410,14,1088,47,.246,4414,.315,.400,.715,29,104,.782,.218,83,18804,4936,1767,535,887,22,41,.290,0.76,2,32.46,KC,2026,MLB_STATSAPI_OFFICIAL,0.715,71.5,0.15400000000000003,8.306320907617504,20.94813614262561,0.315,0.4,98.87157273569062,98.87157273569062,98.87157273569062,MLB_OFFICIAL_OBP_SLG_INDEX_NOT_WRCPLUS
131,1035,1263,653,213,14,167,1030,485,27,1140,46,.258,4414,.335,.426,.761,18,52,.743,.257,107,19653,5002,1882,617,910,12,42,.299,0.82,3,26.43,LAD,2026,MLB_STATSAPI_OFFICIAL,0.761,76.1,0.16799999999999998,9.696121551379449,20.591763294682128,0.335,0.426,111.64838269221713,111.64838269221713,111.64838269221713,MLB_OFFICIAL_OBP_SLG_INDEX_NOT_WRCPLUS
133,1127,1230,695,226,26,184,1107,463,13,1130,65,.248,4549,.325,.431,.756,31,142,.821,.179,76,19579,5125,1960,662,889,16,29,.288,0.92,3,24.72,WSH,2026,MLB_STATSAPI_OFFICIAL,0.756,75.6,0.183,9.034146341463414,21.6,0.325,0.431,109.73758965425242,109.73758965425242,109.73758965425242,MLB_OFFICIAL_OBP_SLG_INDEX_NOT_WRCPLUS
131,1082,1215,546,165,17,161,1112,420,10,1040,42,.236,4402,.307,.391,.698,29,68,.701,.299,85,19349,4915,1722,523,877,16,31,.278,0.89,4,27.34,NYM,2026,MLB_STATSAPI_OFFICIAL,0.698,69.8,0.15500000000000003,8.54526958290946,22.624618514750765,0.307,0.391,94.10910745954769,94.10910745954769,94.10910745954769,MLB_OFFICIAL_OBP_SLG_INDEX_NOT_WRCPLUS
