gamesPlayed,gamesStarted,groundOuts,airOuts,runs,doubles,triples,homeRuns,strikeOuts,baseOnBalls,intentionalWalks,hits,hitByPitch,avg,atBats,obp,slg,ops,caughtStealing,stolenBases,stolenBasePercentage,caughtStealingPercentage,groundIntoDoublePlay,numberOfPitches,era,inningsPitched,wins,losses,saves,saveOpportunities,holds,blownSaves,earnedRuns,whip,battersFaced,outs,gamesPitched,completeGames,shutouts,strikes,strikePercentage,hitBatsmen,balks,wildPitches,pickoffs,totalBases,groundOutsToAirouts,winPercentage,pitchesPerInning,gamesFinished,strikeoutWalkRatio,strikeoutsPer9Inn,walksPer9Inn,hitsPer9Inn,runsScoredPer9,homeRunsPer9,catchersInterference,sacBunts,sacFlies,Team,Season,DataSource,ERA,IP_Float,homeRuns_num,baseOnBalls_num,hitByPitch_num,strikeOuts_num,battersFaced_num,FIP_Constant,FIP,K-BB%,HR/9,xFIP,xFIP_Source
162,162,1294,1566,687,247,18,191,1332,439,11,1362,64,.247,5508,.309,.403,.712,22,65,.747,.253,102,23102,4.02,1433.0,86,76,39,67,71,28,640,1.26,6060,4299,162,3,11,14996,.650,64,2,63,6,2218,0.83,.531,16.12,159,3.03,8.37,2.76,8.55,4.31,1.20,3,17,29,OAK,2021,MLB_STATSAPI_OFFICIAL,4.02,1433.0,191,439,64,1332,6060,3.163317063631741,4.090044209479613,14.735973597359736,1.1995812979762734,4.090044209479613,MLB_OFFICIAL_FIP_USED_NOT_XFIP
162,162,1307,1436,833,298,32,213,1312,606,26,1400,78,.260,5379,.341,.446,.787,19,66,.776,.224,121,24045,5.08,1396.1,61,101,25,50,79,25,788,1.44,6140,4189,162,0,6,15177,.630,78,5,55,4,2401,0.91,.377,17.22,162,2.17,8.46,3.91,9.02,5.37,1.37,0,29,48,PIT,2021,MLB_STATSAPI_OFFICIAL,5.08,1396.3333333333333,213,606,78,1312,6140,3.163317063631741,4.736723604572299,11.498371335504887,1.3728813559322035,4.736723604572299,MLB_OFFICIAL_FIP_USED_NOT_XFIP
162,162,1340,1318,708,273,21,205,1517,516,33,1277,87,.237,5380,.312,.410,.722,18,88,.830,.170,123,24196,4.10,1430.0,79,83,43,71,92,28,651,1.25,6056,4290,162,2,11,15489,.640,87,2,57,12,2207,1.02,.488,16.92,160,2.94,9.55,3.25,8.04,4.46,1.29,1,33,39,SD,2021,MLB_STATSAPI_OFFICIAL,4.1,1430.0,205,516,87,1517,6056,3.163317063631741,4.170310070624748,16.52906208718626,1.2902097902097902,4.170310070624748,MLB_OFFICIAL_FIP_USED_NOT_XFIP
162,162,1321,1544,748,288,26,197,1328,485,23,1356,69,.247,5490,.314,.417,.731,17,91,.843,.157,120,23859,4.30,1440.1,90,72,51,84,100,33,688,1.28,6106,4321,162,1,10,15473,.650,69,3,58,8,2287,0.86,.556,16.56,161,2.74,8.30,3.03,8.47,4.67,1.23,3,17,42,SEA,2021,MLB_STATSAPI_OFFICIAL,4.3,1440.3333333333333,197,485,69,1328,6106,3.163317063631741,4.25125966951001,13.806092368162462,1.230965054385559,4.25125966951001,MLB_OFFICIAL_FIP_USED_NOT_XFIP
162,162,1477,1364,594,239,29,151,1425,416,20,1254,63,.230,5452,.291,.368,.659,20,53,.726,.274,106,22859,3.24,1455.0,107,55,56,85,114,29,524,1.15,6002,4365,162,2,18,15104,.660,63,7,44,12,2004,1.08,.660,15.71,160,3.43,8.81,2.57,7.76,3.67,0.93,3,36,32,SF,2021,MLB_STATSAPI_OFFICIAL,3.24,1455.0,151,416,63,1425,6002,3.163317063631741,3.5413239364839746,16.811062979006998,0.934020618556701,3.5413239364839746,MLB_OFFICIAL_FIP_USED_NOT_XFIP
162,162,1463,1431,672,252,17,152,1225,608,30,1234,85,.234,5281,.320,.374,.694,23,43,.652,.348,113,23419,3.98,1417.0,90,72,50,71,108,21,626,1.30,6046,4251,162,3,15,14559,.620,85,4,66,5,1976,1.02,.556,16.53,159,2.01,7.78,3.86,7.84,4.27,0.97,0,33,39,STL,2021,MLB_STATSAPI_OFFICIAL,3.98,1417.0,152,608,85,1225,6046,3.163317063631741,4.295991728416498,10.20509427720807,0.9654199011997178,4.295991728416498,MLB_OFFICIAL_FIP_USED_NOT_XFIP
162,162,1296,1469,651,244,23,184,1478,436,27,1264,55,.232,5454,.294,.386,.680,22,69,.758,.242,110,23169,3.67,1455.2,100,62,42,64,93,22,593,1.17,5998,4367,162,1,13,15267,.660,55,6,64,9,2106,0.88,.617,15.92,161,3.39,9.14,2.70,7.81,4.02,1.14,0,19,34,TB,2021,MLB_STATSAPI_OFFICIAL,3.67,1455.6666666666667,184,436,55,1478,5998,3.163317063631741,3.78777321201736,17.372457485828612,1.1376230822074649,3.78777321201736,MLB_OFFICIAL_FIP_USED_NOT_XFIP
162,162,1415,1470,815,249,19,232,1239,513,11,1402,61,.256,5468,.325,.436,.761,17,74,.813,.187,120,23586,4.79,1424.1,60,102,31,51,65,20,758,1.34,6103,4273,162,0,3,15115,.640,61,0,67,6,2385,0.96,.370,16.56,162,2.42,7.83,3.24,8.86,5.15,1.47,3,17,41,TEX,2021,MLB_STATSAPI_OFFICIAL,4.79,1424.3333333333333,232,513,61,1239,6103,3.163317063631741,4.750024295085052,11.895788956251025,1.4659489819798737,4.750024295085052,MLB_OFFICIAL_FIP_USED_NOT_XFIP
162,162,1320,1323,663,248,19,209,1468,473,10,1257,75,.236,5337,.305,.407,.712,22,73,.768,.232,108,23549,3.91,1405.1,91,71,34,52,64,18,610,1.23,5916,4216,162,1,14,15043,.640,75,4,54,4,2170,1.00,.562,16.76,161,3.10,9.40,3.03,8.05,4.25,1.34,0,7,24,TOR,2021,MLB_STATSAPI_OFFICIAL,3.91,1405.3333333333333,209,473,75,1468,5916,3.163317063631741,4.17731137103212,16.818796484110884,1.338472485768501,4.17731137103212,MLB_OFFICIAL_FIP_USED_NOT_XFIP
162,162,1357,1465,834,301,22,239,1317,484,13,1392,62,.255,5460,.320,.449,.769,26,80,.755,.245,113,23714,4.83,1419.1,73,89,42,63,89,21,762,1.32,6080,4258,162,1,9,15336,.650,62,3,48,12,2454,0.93,.451,16.71,161,2.72,8.35,3.07,8.83,5.29,1.52,3,21,50,MIN,2021,MLB_STATSAPI_OFFICIAL,4.83,1419.3333333333333,239,484,62,1317,6080,3.163317063631741,4.6506350532982506,13.700657894736842,1.5155002348520434,4.6506350532982506,MLB_OFFICIAL_FIP_USED_NOT_XFIP
162,162,1393,1277,745,265,28,200,1480,509,37,1321,75,.244,5418,.316,.414,.730,15,51,.773,.227,124,23739,4.39,1418.2,82,80,36,70,70,34,692,1.29,6055,4256,162,5,12,15330,.650,75,5,49,7,2242,1.09,.506,16.73,157,2.91,9.39,3.23,8.38,4.73,1.27,0,34,19,PHI,2021,MLB_STATSAPI_OFFICIAL,4.39,1418.6666666666667,200,509,75,1480,6055,3.163317063631741,4.144520071150538,16.036333608587945,1.268796992481203,4.144520071150538,MLB_OFFICIAL_FIP_USED_NOT_XFIP
161,161,1393,1313,656,243,21,183,1417,516,34,1237,66,.234,5279,.308,.392,.700,23,74,.763,.237,99,23228,3.88,1410.2,88,73,40,67,113,27,608,1.24,5944,4232,161,2,18,14912,.640,66,8,73,17,2071,1.06,.547,16.47,159,2.75,9.04,3.29,7.89,4.19,1.17,2,39,42,ATL,2021,MLB_STATSAPI_OFFICIAL,3.88,1410.6666666666667,183,516,66,1417,5944,3.163317063631741,4.078487195956883,15.15814266487214,1.167533081285444,4.078487195956883,MLB_OFFICIAL_FIP_USED_NOT_XFIP
162,162,1172,1354,636,199,26,182,1588,485,16,1205,51,.229,5260,.298,.381,.679,24,119,.832,.168,100,23713,3.73,1403.1,93,69,43,68,92,25,581,1.20,5861,4210,162,4,13,15050,.630,51,6,84,8,2002,0.87,.574,16.90,158,3.27,10.18,3.11,7.73,4.08,1.17,6,15,44,CWS,2021,MLB_STATSAPI_OFFICIAL,3.73,1403.3333333333333,182,485,51,1588,5861,3.163317063631741,3.7319631443918357,18.8193141102201,1.1672209026128266,3.7319631443918357,MLB_OFFICIAL_FIP_USED_NOT_XFIP
162,162,1418,1328,701,305,31,162,1381,529,43,1282,88,.241,5330,.317,.401,.718,23,61,.726,.274,125,22990,3.96,1415.0,67,95,33,58,75,25,622,1.28,6027,4245,162,1,8,14942,.650,88,2,58,5,2135,1.07,.414,16.25,161,2.61,8.78,3.36,8.15,4.46,1.03,1,35,44,MIA,2021,MLB_STATSAPI_OFFICIAL,3.96,1415.0,162,529,88,1381,6027,3.163317063631741,4.007840031829621,14.136386261821801,1.0303886925795054,4.007840031829621,MLB_OFFICIAL_FIP_USED_NOT_XFIP
162,162,1247,1389,669,232,15,196,1569,492,10,1243,56,.231,5386,.299,.389,.688,17,86,.835,.165,99,23761,3.74,1435.1,92,70,47,73,85,26,596,1.21,5999,4306,162,3,13,15305,.640,56,8,85,4,2093,0.90,.568,16.55,159,3.19,9.84,3.08,7.79,4.19,1.23,3,16,46,NYY,2021,MLB_STATSAPI_OFFICIAL,3.74,1435.3333333333333,196,492,56,1569,5999,3.163317063631741,3.8976412624241235,17.952992165360893,1.2289828146771946,3.8976412624241235,MLB_OFFICIAL_FIP_USED_NOT_XFIP
162,162,1318,1282,623,200,18,168,1618,537,19,1156,77,.218,5300,.298,.358,.656,30,91,.752,.248,92,23967,3.50,1436.0,95,67,44,73,82,29,558,1.18,5990,4308,162,2,19,15215,.630,77,9,60,7,1896,1.03,.586,16.69,160,3.01,10.14,3.37,7.25,3.90,1.05,2,39,34,MIL,2021,MLB_STATSAPI_OFFICIAL,3.5,1436.0,168,537,77,1618,5990,3.163317063631741,3.7134563393977578,18.046744574290486,1.0529247910863508,3.7134563393977578,MLB_OFFICIAL_FIP_USED_NOT_XFIP
162,162,1386,1314,804,283,13,188,1453,592,18,1373,76,.251,5475,.330,.410,.740,18,85,.825,.175,119,24415,4.69,1421.2,77,85,39,65,71,26,741,1.38,6196,4265,162,1,4,15392,.630,76,11,56,9,2246,1.05,.475,17.17,161,2.45,9.20,3.75,8.69,5.09,1.19,2,13,38,LAA,2021,MLB_STATSAPI_OFFICIAL,4.69,1421.6666666666667,188,592,76,1453,6196,3.163317063631741,4.247959502084261,13.896061975468044,1.1901524032825321,4.247959502084261,MLB_OFFICIAL_FIP_USED_NOT_XFIP
162,162,1364,1555,893,327,45,232,1238,555,45,1480,75,.267,5546,.339,.468,.807,29,73,.716,.284,97,23828,5.11,1417.1,52,110,22,50,68,28,804,1.44,6270,4252,162,3,4,15240,.640,75,7,43,15,2593,0.88,.321,16.81,159,2.23,7.86,3.52,9.40,5.67,1.47,3,44,47,AZ,2021,MLB_STATSAPI_OFFICIAL,5.11,1417.3333333333333,232,555,75,1238,6270,3.163317063631741,4.877804363725814,10.893141945773525,1.473189087488241,4.877804363725814,MLB_OFFICIAL_FIP_USED_NOT_XFIP
162,162,1313,1556,956,291,24,258,1234,563,12,1518,68,.273,5562,.344,.473,.817,27,53,.663,.338,89,24474,5.84,1402.0,52,110,26,54,63,28,910,1.48,6252,4206,162,1,5,15448,.630,68,7,88,6,2631,0.84,.321,17.46,161,2.19,7.92,3.61,9.74,6.14,1.66,0,13,46,BAL,2021,MLB_STATSAPI_OFFICIAL,5.84,1402.0,258,563,68,1234,6252,3.163317063631741,5.145485394587518,10.732565579014715,1.6562054208273895,5.145485394587518,MLB_OFFICIAL_FIP_USED_NOT_XFIP
162,162,1305,1281,749,306,20,176,1527,546,31,1409,79,.258,5470,.332,.417,.749,22,92,.807,.193,120,24193,4.26,1419.0,92,70,49,76,93,27,671,1.38,6147,4257,162,0,7,15564,.640,79,6,63,6,2283,1.02,.568,17.05,162,2.80,9.68,3.46,8.94,4.75,1.12,0,12,40,BOS,2021,MLB_STATSAPI_OFFICIAL,4.26,1419.0,176,546,79,1527,6147,3.163317063631741,3.944853356795941,15.95900439238653,1.1162790697674418,3.944853356795941,MLB_OFFICIAL_FIP_USED_NOT_XFIP
162,162,1475,1285,839,283,14,235,1358,596,25,1386,98,.255,5431,.338,.442,.780,21,93,.816,.184,129,23877,4.87,1412.2,71,91,40,59,74,19,765,1.40,6202,4238,162,1,8,14976,.630,98,4,60,7,2402,1.15,.438,16.90,161,2.28,8.65,3.80,8.83,5.35,1.50,4,37,36,CHC,2021,MLB_STATSAPI_OFFICIAL,4.87,1412.6666666666667,235,596,98,1358,6202,3.163317063631741,4.8770971485774695,12.286359238955177,1.497168475696083,4.8770971485774695,MLB_OFFICIAL_FIP_USED_NOT_XFIP
162,162,1365,1297,760,261,30,206,1524,617,30,1330,64,.244,5440,.327,.417,.744,25,77,.755,.245,106,24548,4.40,1434.1,83,79,41,66,73,25,702,1.36,6199,4303,162,1,8,15372,.630,64,8,62,10,2269,1.05,.512,17.11,161,2.47,9.56,3.87,8.35,4.77,1.29,2,41,35,CIN,2021,MLB_STATSAPI_OFFICIAL,4.4,1434.3333333333333,206,617,64,1524,6199,3.163317063631741,4.329712601628487,14.631392160025811,1.292586567511039,4.329712601628487,MLB_OFFICIAL_FIP_USED_NOT_XFIP
162,162,1338,1374,727,266,16,216,1391,522,12,1281,59,.240,5337,.313,.417,.730,23,63,.733,.267,123,23459,4.34,1408.0,80,82,39,58,66,19,679,1.28,5968,4224,162,0,9,14883,.630,59,8,52,7,2227,0.97,.494,16.66,162,2.66,8.89,3.34,8.19,4.65,1.38,3,15,32,CLE,2021,MLB_STATSAPI_OFFICIAL,4.34,1408.0,216,522,59,1391,5968,3.163317063631741,4.419709109086286,14.560991957104557,1.3806818181818181,4.419709109086286,MLB_OFFICIAL_FIP_USED_NOT_XFIP
161,161,1486,1289,796,291,31,196,1269,539,19,1397,63,.260,5377,.332,.435,.767,27,65,.707,.293,127,22960,4.82,1397.0,74,87,33,63,74,30,748,1.39,6044,4191,161,3,6,14499,.630,63,3,67,1,2338,1.15,.460,16.44,158,2.35,8.18,3.47,9.00,5.13,1.26,1,28,36,COL,2021,MLB_STATSAPI_OFFICIAL,4.82,1397.0,196,539,63,1269,6044,3.163317063631741,4.463245481670395,12.078093977498346,1.2627057981388692,4.463245481670395,MLB_OFFICIAL_FIP_USED_NOT_XFIP
162,162,1451,1429,756,259,28,199,1259,571,10,1370,82,.252,5447,.329,.419,.748,32,67,.677,.323,119,23914,4.32,1419.2,77,85,42,66,79,24,681,1.37,6164,4259,162,2,7,15075,.630,82,3,80,2,2282,1.02,.475,16.84,160,2.20,7.98,3.62,8.69,4.79,1.26,2,15,47,DET,2021,MLB_STATSAPI_OFFICIAL,4.32,1419.6666666666667,199,571,82,1259,6164,3.163317063631741,4.591821407374404,11.161583387410772,1.2615637473585348,4.591821407374404,MLB_OFFICIAL_FIP_USED_NOT_XFIP
162,162,1410,1344,658,236,14,187,1456,549,12,1231,70,.228,5389,.306,.382,.688,26,56,.683,.317,107,23917,3.78,1445.0,95,67,34,61,69,27,607,1.23,6060,4335,162,2,8,15005,.630,70,4,72,5,2056,1.05,.586,16.55,160,2.65,9.07,3.42,7.67,4.10,1.16,0,21,31,HOU,2021,MLB_STATSAPI_OFFICIAL,3.78,1445.0,187,549,70,1456,6060,3.163317063631741,4.115566198579838,14.966996699669968,1.1647058823529413,4.115566198579838,MLB_OFFICIAL_FIP_USED_NOT_XFIP
162,162,1325,1429,788,259,24,189,1344,591,16,1375,62,.254,5414,.332,.415,.747,24,41,.631,.369,130,24307,4.64,1417.1,74,88,37,62,83,25,731,1.39,6127,4252,162,1,7,15130,.620,62,9,86,6,2249,0.93,.457,17.15,161,2.27,8.53,3.75,8.73,5.00,1.20,1,9,50,KC,2021,MLB_STATSAPI_OFFICIAL,4.64,1417.3333333333333,189,591,62,1344,6127,3.163317063631741,4.382508032587527,12.289864534029704,1.2001411100658514,4.382508032587527,MLB_OFFICIAL_FIP_USED_NOT_XFIP
162,162,1362,1326,561,227,9,161,1599,486,43,1107,63,.207,5335,.280,.344,.624,34,108,.761,.239,84,22927,3.01,1452.0,106,56,56,83,112,27,486,1.10,5948,4356,162,1,17,15110,.660,63,9,52,10,1835,1.03,.654,15.79,161,3.29,9.91,3.01,6.86,3.48,1.00,4,36,24,LAD,2021,MLB_STATSAPI_OFFICIAL,3.01,1452.0,161,486,63,1599,5948,3.163317063631741,3.5365953005463413,18.71217215870881,0.9979338842975206,3.5365953005463413,MLB_OFFICIAL_FIP_USED_NOT_XFIP
162,162,1327,1413,820,251,19,247,1346,548,46,1364,71,.254,5361,.329,.447,.776,32,90,.738,.262,96,23732,4.80,1394.1,65,97,36,72,97,36,743,1.37,6073,4183,162,1,8,14959,.630,71,1,43,3,2394,0.94,.401,17.02,161,2.46,8.69,3.54,8.80,5.29,1.59,4,48,41,WSH,2021,MLB_STATSAPI_OFFICIAL,4.8,1394.3333333333333,247,548,71,1346,6073,3.163317063631741,4.867357226194495,13.140128437345627,1.5943103036098496,4.867357226194495,MLB_OFFICIAL_FIP_USED_NOT_XFIP
162,162,1272,1289,668,240,19,190,1453,475,21,1221,70,.236,5175,.307,.400,.707,33,66,.667,.333,107,22405,3.90,1379.1,77,85,41,69,76,28,597,1.23,5785,4138,162,2,8,14504,.650,70,1,53,11,2069,0.99,.475,16.24,160,3.06,9.48,3.10,7.97,4.36,1.24,5,27,33,NYM,2021,MLB_STATSAPI_OFFICIAL,3.9,1379.3333333333333,190,475,70,1453,5785,3.163317063631741,4.032577575956536,16.905790838375108,1.2397293378443695,4.032577575956536,MLB_OFFICIAL_FIP_USED_NOT_XFIP
162,162,1384,1563,770,313,28,195,1203,503,37,1394,72,.254,5491,.323,.428,.751,29,77,.726,.274,118,23324,4.52,1426.1,60,102,34,59,105,25,717,1.33,6121,4279,162,0,7,14834,.640,72,5,62,13,2348,0.89,.370,16.35,162,2.39,7.59,3.17,8.80,4.86,1.23,2,15,38,OAK,2022,MLB_STATSAPI_OFFICIAL,4.52,1426.3333333333333,195,503,72,1203,6121,3.106024252085495,4.405860662461751,11.436039862767522,1.230427670016359,4.405860662461751,MLB_OFFICIAL_FIP_USED_NOT_XFIP
162,162,1501,1404,817,324,14,164,1250,586,23,1431,87,.258,5539,.337,.411,.748,32,92,.742,.258,128,24246,4.66,1421.0,62,100,33,62,70,29,735,1.42,6263,4263,162,0,6,15249,.630,87,5,62,4,2275,1.07,.383,17.06,161,2.13,7.92,3.71,9.06,5.17,1.04,4,13,34,PIT,2022,MLB_STATSAPI_OFFICIAL,4.66,1421.0,164,586,87,1250,6263,3.106024252085495,4.2678820986724055,10.601947948267604,1.0387051372273048,4.2678820986724055,MLB_OFFICIAL_FIP_USED_NOT_XFIP
162,162,1293,1482,660,234,17,173,1451,468,6,1263,88,.232,5433,.301,.377,.678,13,89,.873,.127,105,23762,3.81,1443.1,89,73,48,70,71,22,611,1.20,6047,4330,162,0,15,15375,.650,88,5,54,5,2050,0.87,.549,16.46,162,3.10,9.05,2.92,7.88,4.12,1.08,2,8,48,SD,2022,MLB_STATSAPI_OFFICIAL,3.81,1443.3333333333333,173,468,88,1451,6047,3.106024252085495,3.8092575084365343,16.25599470811973,1.0787528868360277,3.8092575084365343,MLB_OFFICIAL_FIP_USED_NOT_XFIP
162,162,1236,1578,623,240,19,186,1391,447,24,1277,56,.235,5429,.298,.389,.687,35,89,.718,.282,100,23227,3.59,1447.0,90,72,40,55,92,15,577,1.19,5986,4341,162,0,10,15157,.650,56,0,45,11,2113,0.78,.556,16.05,162,3.11,8.65,2.78,7.94,3.87,1.16,1,18,35,SEA,2022,MLB_STATSAPI_OFFICIAL,3.59,1447.0,186,447,56,1391,5986,3.106024252085495,3.8973165810419563,15.770130304042768,1.1568762957843814,3.8973165810419563,MLB_OFFICIAL_FIP_USED_NOT_XFIP
162,162,1517,1288,697,301,28,132,1370,441,16,1397,52,.253,5517,.313,.390,.703,22,86,.796,.204,112,23628,3.85,1433.0,81,81,39,61,75,22,613,1.28,6070,4299,162,1,8,15403,.650,52,2,53,7,2150,1.18,.500,16.49,161,3.11,8.60,2.77,8.77,4.38,0.83,5,18,37,SF,2022,MLB_STATSAPI_OFFICIAL,3.85,1433.0,132,441,52,1370,6070,3.106024252085495,3.4235399534113844,15.304777594728172,0.8290300069783672,3.4235399534113844,MLB_OFFICIAL_FIP_USED_NOT_XFIP
162,162,1608,1342,637,249,21,146,1177,489,11,1335,60,.247,5409,.314,.382,.696,20,49,.710,.290,157,23520,3.79,1435.2,93,69,37,54,70,17,605,1.27,6014,4307,162,3,17,14984,.640,60,3,43,4,2064,1.20,.574,16.38,159,2.41,7.38,3.07,8.37,3.99,0.92,3,14,39,STL,2022,MLB_STATSAPI_OFFICIAL,3.79,1435.6666666666667,146,489,60,1177,6014,3.106024252085495,3.9356040059745125,11.439973395410709,0.9152542372881355,3.9356040059745125,MLB_OFFICIAL_FIP_USED_NOT_XFIP
162,162,1357,1472,614,239,21,172,1384,384,15,1260,66,.232,5424,.289,.379,.668,26,76,.745,.255,98,22724,3.41,1435.2,86,76,44,80,116,36,544,1.15,5930,4307,162,0,10,15082,.660,66,4,54,8,2057,0.92,.531,15.83,162,3.60,8.68,2.41,7.90,3.85,1.08,7,15,34,TB,2022,MLB_STATSAPI_OFFICIAL,3.41,1435.6666666666667,172,384,66,1384,5930,3.106024252085495,3.6757943937153996,16.863406408094438,1.0782447179010912,3.6757943937153996,MLB_OFFICIAL_FIP_USED_NOT_XFIP
162,162,1477,1376,743,279,18,169,1314,581,16,1345,71,.247,5452,.325,.397,.722,27,104,.794,.206,123,23658,4.22,1435.0,68,94,37,67,86,30,673,1.34,6167,4305,162,1,10,14968,.630,71,7,66,6,2167,1.07,.420,16.49,161,2.26,8.24,3.64,8.44,4.66,1.06,3,16,44,TEX,2022,MLB_STATSAPI_OFFICIAL,4.22,1435.0,169,581,71,1314,6167,3.106024252085495,4.1687420221203375,11.885844008431977,1.05993031358885,4.1687420221203375,MLB_OFFICIAL_FIP_USED_NOT_XFIP
162,162,1320,1483,679,260,19,180,1390,424,15,1356,76,.247,5493,.308,.399,.707,33,83,.716,.284,97,23075,3.87,1441.1,92,70,46,73,95,27,620,1.23,6053,4324,162,0,10,15175,.660,76,5,29,4,2194,0.89,.568,16.01,162,3.28,8.68,2.65,8.47,4.24,1.12,4,14,42,TOR,2022,MLB_STATSAPI_OFFICIAL,3.87,1441.3333333333333,180,424,76,1390,6053,3.106024252085495,3.8414544093472895,15.959028580868992,1.1239592969472711,3.8414544093472895,MLB_OFFICIAL_FIP_USED_NOT_XFIP
162,162,1276,1575,684,270,20,184,1336,468,19,1320,66,.242,5458,.307,.400,.707,23,92,.800,.200,107,23611,3.98,1437.0,78,84,28,55,100,27,636,1.24,6042,4311,162,0,17,15424,.650,66,4,50,7,2182,0.81,.481,16.43,162,2.85,8.37,2.93,8.27,4.28,1.15,1,10,39,MIN,2022,MLB_STATSAPI_OFFICIAL,3.98,1437.0,184,468,66,1336,6042,3.106024252085495,4.025996416316532,14.366103939093017,1.1524008350730688,4.025996416316532,MLB_OFFICIAL_FIP_USED_NOT_XFIP
162,162,1377,1345,685,286,28,150,1423,463,16,1330,68,.245,5430,.310,.391,.701,37,56,.602,.398,106,23233,3.97,1428.1,87,75,42,60,88,18,630,1.26,6006,4285,162,3,15,14929,.640,68,3,47,10,2122,1.02,.537,16.27,159,3.07,8.97,2.92,8.38,4.32,0.95,0,10,35,PHI,2022,MLB_STATSAPI_OFFICIAL,3.97,1428.3333333333333,150,463,68,1423,6006,3.106024252085495,3.5940055823071986,15.984015984015985,0.9451575262543758,3.5940055823071986,MLB_OFFICIAL_FIP_USED_NOT_XFIP
162,162,1348,1342,609,218,16,148,1554,500,21,1224,62,.226,5413,.297,.354,.651,22,82,.788,.212,99,23841,3.46,1448.0,101,61,55,83,114,28,556,1.19,6031,4344,162,1,9,15428,.650,62,4,55,10,1918,1.00,.623,16.46,161,3.11,9.66,3.11,7.61,3.79,0.92,1,9,46,ATL,2022,MLB_STATSAPI_OFFICIAL,3.46,1448.0,148,500,62,1554,6031,3.106024252085495,3.452709334958423,17.476372077599073,0.919889502762431,3.452709334958423,MLB_OFFICIAL_FIP_USED_NOT_XFIP
162,162,1295,1484,717,264,18,166,1450,533,15,1330,51,.242,5498,.312,.387,.699,26,96,.787,.213,101,24317,3.92,1447.2,81,81,48,71,102,23,631,1.29,6145,4343,162,2,14,15462,.640,51,6,64,8,2128,0.87,.500,16.80,160,2.72,9.01,3.31,8.27,4.46,1.03,2,14,47,CWS,2022,MLB_STATSAPI_OFFICIAL,3.92,1447.6666666666667,166,533,51,1450,6145,3.106024252085495,3.803698670690146,14.922701383238405,1.0320055261340086,3.803698670690146,MLB_OFFICIAL_FIP_USED_NOT_XFIP
162,162,1432,1289,676,314,28,173,1437,511,19,1311,76,.242,5423,.314,.406,.720,27,92,.773,.227,124,23864,3.87,1437.1,69,93,41,72,75,31,618,1.27,6056,4312,162,6,10,15501,.650,76,3,54,9,2200,1.11,.426,16.60,155,2.81,9.00,3.20,8.21,4.23,1.08,0,14,32,MIA,2022,MLB_STATSAPI_OFFICIAL,3.87,1437.3333333333333,173,511,76,1437,6056,3.106024252085495,3.896376756723714,15.290620871862615,1.0832560296846012,3.896376756723714,MLB_OFFICIAL_FIP_USED_NOT_XFIP
162,162,1405,1379,567,247,8,157,1459,444,10,1177,65,.219,5380,.285,.355,.640,28,49,.636,.364,90,23219,3.30,1451.2,99,63,47,68,81,21,532,1.12,5938,4355,162,1,16,15065,.650,65,5,40,12,1911,1.02,.611,15.99,161,3.29,9.05,2.75,7.30,3.52,0.97,9,13,27,NYY,2022,MLB_STATSAPI_OFFICIAL,3.3,1451.6666666666667,157,444,65,1459,5938,3.106024252085495,3.5537854461153455,17.093297406534187,0.9733639494833524,3.5537854461153455,MLB_OFFICIAL_FIP_USED_NOT_XFIP
162,162,1351,1344,688,240,26,190,1530,521,12,1238,67,.229,5406,.302,.388,.690,28,79,.738,.262,101,24369,3.83,1446.0,86,76,52,83,106,31,615,1.22,6057,4338,162,0,11,15449,.630,67,4,47,9,2100,1.01,.531,16.85,162,2.94,9.52,3.24,7.71,4.28,1.18,6,13,44,MIL,2022,MLB_STATSAPI_OFFICIAL,3.83,1446.0,190,521,67,1530,6057,3.106024252085495,3.9179191345197966,16.65841175499422,1.1825726141078838,3.9179191345197966,MLB_OFFICIAL_FIP_USED_NOT_XFIP
162,162,1360,1452,668,264,15,168,1383,540,23,1241,60,.230,5386,.306,.379,.685,23,99,.811,.189,121,23515,3.77,1435.2,73,89,38,66,79,28,601,1.24,6038,4307,162,2,17,15040,.640,60,3,64,7,2039,0.94,.451,16.38,160,2.56,8.67,3.39,7.78,4.19,1.05,2,17,33,LAA,2022,MLB_STATSAPI_OFFICIAL,3.77,1435.6666666666667,168,540,60,1383,6038,3.106024252085495,3.954410599891392,13.961576681020205,1.053169259345252,3.954410599891392,MLB_OFFICIAL_FIP_USED_NOT_XFIP
162,162,1336,1601,740,290,22,191,1216,504,18,1345,59,.247,5445,.315,.414,.729,32,84,.724,.276,107,23569,4.25,1430.0,74,88,33,60,79,27,676,1.29,6065,4290,162,0,10,15100,.640,59,3,51,11,2252,0.83,.457,16.48,162,2.41,7.65,3.17,8.47,4.66,1.20,4,13,40,AZ,2022,MLB_STATSAPI_OFFICIAL,4.25,1430.0,191,504,59,1216,6065,3.106024252085495,4.322807468868712,11.739488870568838,1.2020979020979021,4.322807468868712,MLB_OFFICIAL_FIP_USED_NOT_XFIP
162,162,1444,1481,688,289,14,171,1214,443,8,1406,64,.256,5490,.317,.407,.724,24,52,.684,.316,134,23252,3.97,1433.1,83,79,46,59,80,13,632,1.29,6058,4300,162,2,15,15016,.650,64,4,47,3,2236,0.98,.512,16.22,160,2.74,7.62,2.78,8.83,4.32,1.07,6,8,47,BAL,2022,MLB_STATSAPI_OFFICIAL,3.97,1433.3333333333333,171,443,64,1214,6058,3.106024252085495,4.024163786969216,12.726972598217234,1.073720930232558,4.024163786969216,MLB_OFFICIAL_FIP_USED_NOT_XFIP
162,162,1378,1434,787,292,27,185,1346,526,17,1411,72,.256,5517,.326,.419,.745,28,102,.785,.215,116,23905,4.53,1431.0,78,84,39,67,88,28,721,1.35,6167,4293,162,5,10,15404,.640,72,8,60,7,2312,0.96,.481,16.71,157,2.56,8.47,3.31,8.87,4.95,1.16,0,7,45,BOS,2022,MLB_STATSAPI_OFFICIAL,4.53,1431.0,185,526,72,1346,6167,3.106024252085495,4.1591339655725665,13.296578563320901,1.1635220125786163,4.1591339655725665,MLB_OFFICIAL_FIP_USED_NOT_XFIP
162,162,1405,1416,731,257,29,207,1383,540,19,1342,73,.244,5506,.318,.414,.732,32,77,.706,.294,119,24162,4.00,1443.2,74,88,44,75,58,31,642,1.30,6162,4331,162,0,11,15279,.630,73,8,53,2,2278,0.99,.457,16.74,162,2.56,8.62,3.37,8.37,4.56,1.29,3,5,35,CHC,2022,MLB_STATSAPI_OFFICIAL,4.0,1443.6666666666667,207,540,73,1383,6162,3.106024252085495,4.327912961390505,13.680623174294059,1.2904640960517202,4.327912961390505,MLB_OFFICIAL_FIP_USED_NOT_XFIP
162,162,1226,1491,815,284,23,213,1414,612,21,1366,110,.251,5439,.336,.429,.765,31,122,.797,.203,98,24868,4.86,1423.1,62,100,31,53,60,22,768,1.39,6220,4270,162,1,6,15563,.630,110,5,58,4,2335,0.82,.383,17.47,161,2.31,8.94,3.87,8.64,5.15,1.35,1,11,47,CIN,2022,MLB_STATSAPI_OFFICIAL,4.86,1423.3333333333333,213,612,110,1414,6220,3.106024252085495,4.586352120937954,12.893890675241156,1.3468384074941453,4.586352120937954,MLB_OFFICIAL_FIP_USED_NOT_XFIP
162,162,1371,1484,634,246,10,172,1390,435,14,1252,57,.230,5447,.292,.373,.665,29,94,.764,.236,107,22891,3.46,1456.0,92,70,51,69,61,18,560,1.16,5989,4368,162,1,8,14941,.650,57,2,49,7,2034,0.92,.568,15.72,161,3.20,8.59,2.69,7.74,3.92,1.06,0,14,36,CLE,2022,MLB_STATSAPI_OFFICIAL,3.46,1456.0,172,435,57,1390,5989,3.106024252085495,3.746134142195385,15.945900818166638,1.0631868131868132,3.746134142195385,MLB_OFFICIAL_FIP_USED_NOT_XFIP
162,162,1524,1413,873,326,46,184,1187,539,12,1516,59,.272,5569,.340,.446,.786,28,101,.783,.217,134,23720,5.06,1425.1,68,94,43,64,65,21,802,1.44,6240,4276,162,1,6,14911,.630,59,3,65,8,2486,1.08,.420,16.64,161,2.20,7.50,3.40,9.57,5.51,1.16,2,12,59,COL,2022,MLB_STATSAPI_OFFICIAL,5.06,1425.3333333333333,184,539,59,1187,6240,3.106024252085495,4.377305823647703,10.384615384615385,1.1618334892422826,4.377305823647703,MLB_OFFICIAL_FIP_USED_NOT_XFIP
162,162,1364,1583,713,237,26,167,1195,511,9,1336,57,.247,5405,.316,.393,.709,33,79,.705,.295,122,23382,4.04,1419.2,66,96,38,56,93,18,637,1.30,6047,4259,162,0,8,14871,.640,57,2,59,8,2126,0.86,.407,16.47,162,2.34,7.58,3.24,8.47,4.52,1.06,1,17,56,DET,2022,MLB_STATSAPI_OFFICIAL,4.04,1419.6666666666667,167,511,57,1195,6047,3.106024252085495,4.152044444618953,11.311394079708945,1.0586992251702276,4.152044444618953,MLB_OFFICIAL_FIP_USED_NOT_XFIP
162,162,1261,1432,518,204,16,134,1524,458,6,1121,60,.212,5295,.281,.332,.613,23,76,.768,.232,110,22936,2.90,1445.1,106,56,53,69,105,16,465,1.09,5856,4336,162,3,18,14891,.650,60,6,56,2,1759,0.88,.654,15.87,159,3.33,9.49,2.85,6.98,3.23,0.83,0,13,30,HOU,2022,MLB_STATSAPI_OFFICIAL,2.9,1445.3333333333333,134,458,60,1524,5856,3.106024252085495,3.2776109679526533,18.203551912568305,0.8344095940959411,3.2776109679526533,MLB_OFFICIAL_FIP_USED_NOT_XFIP
162,162,1417,1488,810,273,26,173,1191,589,15,1493,71,.271,5505,.346,.425,.771,25,58,.699,.301,135,24447,4.70,1416.0,65,97,33,54,80,21,740,1.47,6249,4248,162,0,9,15270,.620,71,6,88,6,2337,0.95,.401,17.26,162,2.02,7.57,3.74,9.49,5.15,1.10,0,19,65,KC,2022,MLB_STATSAPI_OFFICIAL,4.7,1416.0,173,589,71,1191,6249,3.106024252085495,4.410402783158942,9.633541366618658,1.0995762711864407,4.410402783158942,MLB_OFFICIAL_FIP_USED_NOT_XFIP
162,162,1320,1484,513,223,22,152,1465,407,13,1114,75,.209,5336,.273,.344,.617,19,68,.782,.218,101,22576,2.80,1451.1,111,51,43,61,93,18,451,1.05,5865,4354,162,1,15,14976,.660,75,3,38,8,1837,0.89,.685,15.56,161,3.60,9.08,2.52,6.91,3.18,0.94,0,15,32,LAD,2022,MLB_STATSAPI_OFFICIAL,2.8,1451.3333333333333,152,407,75,1465,5865,3.106024252085495,3.445022874042316,18.03921568627451,0.9425815342214057,3.445022874042316,MLB_OFFICIAL_FIP_USED_NOT_XFIP
162,162,1363,1534,855,245,26,244,1220,558,12,1469,75,.266,5522,.339,.452,.791,28,97,.776,.224,106,24394,5.00,1411.2,55,107,28,45,59,17,785,1.44,6220,4235,162,2,4,15354,.630,75,2,59,6,2498,0.89,.340,17.28,160,2.19,7.78,3.56,9.37,5.45,1.56,1,13,51,WSH,2022,MLB_STATSAPI_OFFICIAL,5.0,1411.6666666666667,244,558,75,1220,6220,3.106024252085495,4.969778679476286,10.643086816720256,1.555608028335301,4.969778679476286,MLB_OFFICIAL_FIP_USED_NOT_XFIP
162,162,1267,1340,606,232,12,169,1565,428,13,1274,71,.236,5408,.299,.377,.676,28,86,.754,.246,117,23305,3.57,1438.2,101,61,41,56,76,15,570,1.18,5950,4316,162,0,19,15090,.650,71,2,35,17,2037,0.95,.623,16.20,162,3.66,9.79,2.68,7.97,3.79,1.06,4,12,27,NYM,2022,MLB_STATSAPI_OFFICIAL,3.57,1438.6666666666667,169,428,71,1565,5950,3.106024252085495,3.498053909175393,19.10924369747899,1.0572289156626504,3.498053909175393,MLB_OFFICIAL_FIP_USED_NOT_XFIP
162,162,1178,1644,924,338,26,213,1300,694,33,1464,100,.266,5507,.355,.453,.808,49,110,.692,.308,102,25337,5.48,1419.2,50,112,29,55,62,26,865,1.52,6384,4259,162,0,5,15676,.620,100,4,76,17,2493,0.72,.309,17.85,162,1.87,8.24,4.40,9.28,5.86,1.35,4,15,64,OAK,2023,MLB_STATSAPI_OFFICIAL,5.48,1419.6666666666667,213,694,100,1300,6384,3.2494380405687675,5.0463387214797795,9.492481203007518,1.350316975815919,5.0463387214797795,MLB_OFFICIAL_FIP_USED_NOT_XFIP
162,162,1401,1412,790,313,20,179,1363,596,25,1380,81,.251,5491,.331,.413,.744,23,122,.841,.159,115,23925,4.60,1430.0,76,86,47,68,88,21,731,1.38,6238,4290,162,2,10,15274,.640,81,7,57,4,2270,0.99,.469,16.73,160,2.29,8.58,3.75,8.69,4.97,1.13,5,22,43,PIT,2023,MLB_STATSAPI_OFFICIAL,4.6,1430.0,179,596,81,1363,6238,3.2494380405687675,4.390696781827509,12.295607566527734,1.1265734265734266,4.390696781827509,MLB_OFFICIAL_FIP_USED_NOT_XFIP
162,162,1386,1345,648,236,18,174,1445,557,14,1270,76,.236,5391,.314,.383,.697,21,120,.851,.149,116,24300,3.73,1441.0,82,80,36,64,83,28,598,1.27,6082,4323,162,0,16,15338,.630,76,7,48,10,2064,1.03,.506,16.86,162,2.59,9.02,3.48,7.93,4.05,1.09,3,17,38,SD,2023,MLB_STATSAPI_OFFICIAL,3.73,1441.0,174,557,76,1445,6082,3.2494380405687675,4.131464411144757,14.600460374876686,1.0867453157529494,4.131464411144757,MLB_OFFICIAL_FIP_USED_NOT_XFIP
162,162,1336,1433,659,250,24,184,1459,421,22,1300,57,.237,5483,.297,.392,.689,28,111,.799,.201,102,23230,3.74,1449.1,88,74,44,64,98,20,602,1.19,6006,4348,162,2,18,15447,.660,57,4,41,5,2150,0.93,.543,16.03,160,3.47,9.06,2.61,8.07,4.09,1.14,0,14,31,SEA,2023,MLB_STATSAPI_OFFICIAL,3.74,1449.3333333333333,184,421,57,1459,6006,3.2494380405687675,3.8759329807711596,17.282717282717282,1.1425942962281508,3.8759329807711596,MLB_OFFICIAL_FIP_USED_NOT_XFIP
162,162,1572,1232,719,275,29,173,1359,403,22,1395,71,.253,5504,.311,.408,.719,36,124,.775,.225,129,23103,4.02,1434.2,79,83,50,77,72,27,641,1.25,6039,4304,162,4,11,15161,.660,71,12,60,9,2247,1.28,.488,16.10,158,3.37,8.53,2.53,8.75,4.51,1.09,7,19,35,SF,2023,MLB_STATSAPI_OFFICIAL,4.02,1434.6666666666667,173,403,71,1359,6039,3.2494380405687675,3.9137038398252733,15.830435502566651,1.0852695167286244,3.9137038398252733,MLB_OFFICIAL_FIP_USED_NOT_XFIP
162,162,1522,1391,829,366,29,179,1215,530,6,1549,63,.276,5609,.343,.447,.790,24,100,.806,.194,141,24290,4.79,1428.1,71,91,36,64,89,28,760,1.46,6273,4285,162,0,10,15376,.630,63,7,62,4,2510,1.09,.438,17.01,162,2.29,7.66,3.34,9.76,5.22,1.13,3,17,51,STL,2023,MLB_STATSAPI_OFFICIAL,4.79,1428.3333333333333,179,530,63,1215,6273,3.2494380405687675,4.422833606496422,10.919815080503746,1.1278879813302218,4.422833606496422,MLB_OFFICIAL_FIP_USED_NOT_XFIP
162,162,1375,1350,665,261,26,177,1507,439,10,1258,63,.231,5447,.294,.386,.680,20,101,.835,.165,97,22917,3.86,1442.0,99,63,45,76,80,31,618,1.18,5994,4326,162,0,14,15099,.660,63,1,65,0,2102,1.02,.611,15.89,162,3.43,9.41,2.74,7.85,4.15,1.10,2,12,31,TB,2023,MLB_STATSAPI_OFFICIAL,3.86,1442.0,177,439,63,1507,5994,3.2494380405687675,3.799368692441167,17.81781781781782,1.1047156726768377,3.799368692441167,MLB_OFFICIAL_FIP_USED_NOT_XFIP
162,162,1325,1468,716,234,21,198,1351,491,19,1330,59,.245,5420,.313,.406,.719,31,91,.746,.254,126,23151,4.28,1436.1,90,72,30,63,81,33,683,1.27,6025,4309,162,3,13,14928,.640,59,4,46,7,2200,0.90,.556,16.12,159,2.75,8.47,3.08,8.33,4.49,1.24,1,12,42,TEX,2023,MLB_STATSAPI_OFFICIAL,4.28,1436.3333333333333,198,491,59,1351,6025,3.2494380405687675,4.309080649062618,14.273858921161825,1.2406590856347182,4.309080649062618,MLB_OFFICIAL_FIP_USED_NOT_XFIP
162,162,1276,1418,671,271,13,198,1528,488,29,1326,62,.241,5507,.309,.403,.712,24,131,.845,.155,112,23829,3.78,1451.2,89,73,51,69,106,18,610,1.25,6100,4355,162,1,15,15411,.650,62,12,42,9,2217,0.90,.549,16.41,161,3.13,9.47,3.03,8.22,4.16,1.23,2,17,24,TOR,2023,MLB_STATSAPI_OFFICIAL,3.78,1451.6666666666667,198,488,62,1528,6100,3.2494380405687675,4.054030463071638,17.04918032786885,1.2275545350172217,4.054030463071638,MLB_OFFICIAL_FIP_USED_NOT_XFIP
162,162,1233,1434,659,245,28,194,1560,443,16,1294,63,.236,5472,.299,.398,.697,30,94,.758,.242,97,23487,3.87,1451.1,87,75,38,66,79,28,624,1.20,6028,4354,162,2,12,15439,.660,63,1,51,10,2177,0.86,.537,16.18,160,3.52,9.67,2.75,8.02,4.09,1.20,1,14,35,MIN,2023,MLB_STATSAPI_OFFICIAL,3.87,1451.3333333333333,194,443,63,1560,6028,3.2494380405687675,3.88333790276445,18.530192435301924,1.20303169499311,3.88333790276445,MLB_OFFICIAL_FIP_USED_NOT_XFIP
162,162,1376,1402,715,260,23,185,1454,470,6,1318,54,.240,5493,.304,.397,.701,28,104,.788,.212,94,23663,4.03,1442.1,90,72,45,71,87,26,646,1.24,6074,4327,162,1,4,15308,.650,54,7,35,13,2179,0.98,.556,16.41,161,3.09,9.07,2.93,8.22,4.46,1.15,0,14,43,PHI,2023,MLB_STATSAPI_OFFICIAL,4.03,1442.3333333333333,185,470,54,1454,6074,3.2494380405687675,3.9905981977215292,16.20019756338492,1.1543794776981744,3.9905981977215292,MLB_OFFICIAL_FIP_USED_NOT_XFIP
162,162,1325,1346,716,238,21,187,1516,534,14,1341,70,.245,5480,.318,.398,.716,28,128,.821,.179,120,24064,4.14,1440.0,104,58,52,78,102,26,662,1.30,6135,4320,162,1,15,15519,.640,70,8,56,6,2182,0.98,.642,16.71,161,2.84,9.48,3.34,8.38,4.48,1.17,3,19,29,ATL,2023,MLB_STATSAPI_OFFICIAL,4.14,1440.0,187,534,70,1516,6135,3.2494380405687675,4.090410262790989,16.006519967400163,1.1687500000000002,4.090410262790989,MLB_OFFICIAL_FIP_USED_NOT_XFIP
162,162,1225,1486,841,243,37,214,1470,654,14,1372,91,.249,5502,.337,.424,.761,35,170,.829,.171,102,25299,4.87,1431.2,61,101,28,57,71,29,774,1.42,6301,4295,162,2,7,15762,.620,91,9,65,7,2331,0.82,.377,17.67,160,2.25,9.24,4.11,8.62,5.29,1.35,3,8,43,CWS,2023,MLB_STATSAPI_OFFICIAL,4.87,1431.6666666666667,214,654,91,1470,6301,3.2494380405687675,4.700194734398803,12.950325345183305,1.3452852153667054,4.700194734398803,MLB_OFFICIAL_FIP_USED_NOT_XFIP
162,162,1356,1317,723,303,20,191,1490,514,20,1340,71,.246,5456,.317,.413,.730,23,130,.850,.150,127,23759,4.21,1435.1,84,78,43,74,92,31,672,1.29,6091,4306,162,3,9,15320,.640,71,9,38,13,2256,1.03,.519,16.55,159,2.90,9.34,3.22,8.40,4.53,1.20,3,12,35,MIA,2023,MLB_STATSAPI_OFFICIAL,4.21,1435.3333333333333,191,514,71,1490,6091,3.2494380405687675,4.125889503643547,16.02364143818749,1.19763121226196,4.125889503643547,MLB_OFFICIAL_FIP_USED_NOT_XFIP
162,162,1401,1367,698,261,15,195,1439,508,6,1272,85,.234,5428,.308,.396,.704,26,103,.798,.202,103,23889,3.97,1439.2,82,80,44,63,83,19,635,1.24,6078,4319,162,3,8,15429,.650,85,15,60,19,2148,1.02,.506,16.59,159,2.83,9.00,3.18,7.95,4.36,1.22,6,11,40,NYY,2023,MLB_STATSAPI_OFFICIAL,3.97,1439.6666666666667,195,508,85,1439,6078,3.2494380405687675,4.246891154715561,15.317538664034222,1.2190321833757813,4.246891154715561,MLB_OFFICIAL_FIP_USED_NOT_XFIP
162,162,1368,1420,647,225,16,198,1425,493,7,1218,60,.226,5380,.297,.385,.682,23,121,.840,.160,100,23543,3.71,1443.0,92,70,46,71,103,25,595,1.19,5990,4329,162,1,16,14979,.640,60,8,54,11,2069,0.96,.568,16.32,161,2.89,8.89,3.07,7.60,4.04,1.23,6,12,39,MIL,2023,MLB_STATSAPI_OFFICIAL,3.71,1443.0,198,493,60,1425,5990,3.2494380405687675,4.207857998988726,15.559265442404008,1.2349272349272349,4.207857998988726,MLB_OFFICIAL_FIP_USED_NOT_XFIP
162,162,1241,1496,829,271,20,209,1445,636,41,1394,88,.252,5526,.337,.422,.759,22,89,.802,.198,107,24748,4.64,1431.2,73,89,43,72,97,29,738,1.42,6305,4295,162,1,9,15726,.640,88,8,70,14,2332,0.83,.451,17.29,161,2.27,9.08,4.00,8.76,5.21,1.31,5,14,36,LAA,2023,MLB_STATSAPI_OFFICIAL,4.64,1431.6666666666667,209,636,88,1445,6305,3.2494380405687675,4.6457127786362875,12.83108643933386,1.3138533178114085,4.6457127786362875,MLB_OFFICIAL_FIP_USED_NOT_XFIP
162,162,1323,1477,761,304,39,197,1351,525,13,1375,48,.251,5477,.320,.429,.749,33,84,.718,.282,113,23575,4.48,1435.1,84,78,44,71,76,27,714,1.32,6100,4306,162,1,9,14950,.630,48,8,40,5,2348,0.90,.519,16.42,161,2.57,8.47,3.29,8.62,4.77,1.24,1,10,39,AZ,2023,MLB_STATSAPI_OFFICIAL,4.48,1435.3333333333333,197,525,48,1351,6100,3.2494380405687675,4.34883423192966,13.540983606557377,1.2352531351602416,4.34883423192966,MLB_OFFICIAL_FIP_USED_NOT_XFIP
162,162,1415,1380,678,266,22,177,1431,473,16,1334,63,.242,5511,.307,.395,.702,31,88,.739,.261,122,23968,3.89,1453.2,101,61,49,80,108,31,629,1.24,6098,4361,162,0,12,15452,.640,63,7,64,8,2175,1.03,.623,16.49,162,3.03,8.86,2.93,8.26,4.20,1.10,2,12,37,BAL,2023,MLB_STATSAPI_OFFICIAL,3.89,1453.6666666666667,177,473,63,1431,6098,3.2494380405687675,3.969685690190414,15.710068875040998,1.0958495757853703,3.969685690190414,MLB_OFFICIAL_FIP_USED_NOT_XFIP
162,162,1379,1365,776,317,21,208,1423,497,21,1416,83,.256,5535,.325,.433,.758,26,108,.806,.194,116,24034,4.52,1430.0,78,84,43,59,68,16,718,1.34,6168,4290,162,0,5,15573,.650,83,4,49,5,2399,1.01,.481,16.81,162,2.86,8.96,3.13,8.91,4.88,1.31,5,13,35,BOS,2023,MLB_STATSAPI_OFFICIAL,4.52,1430.0,208,497,83,1423,6168,3.2494380405687675,4.3669205580512855,15.012970168612192,1.309090909090909,4.3669205580512855,MLB_OFFICIAL_FIP_USED_NOT_XFIP
162,162,1444,1358,723,268,20,179,1377,513,5,1328,64,.244,5446,.314,.399,.713,35,122,.777,.223,114,23476,4.08,1435.1,83,79,35,57,83,22,651,1.28,6085,4306,162,1,13,14870,.630,64,6,57,9,2173,1.06,.512,16.36,161,2.68,8.63,3.22,8.33,4.53,1.12,1,19,42,CHC,2023,MLB_STATSAPI_OFFICIAL,4.08,1435.3333333333333,179,513,64,1377,6085,3.2494380405687675,4.157937808334676,14.198849630238291,1.1223873664653972,4.157937808334676,MLB_OFFICIAL_FIP_USED_NOT_XFIP
162,162,1224,1582,821,305,32,222,1381,613,13,1426,81,.257,5552,.337,.443,.780,37,123,.769,.231,112,24817,4.83,1439.1,82,80,53,79,90,26,772,1.42,6310,4318,162,0,6,15645,.630,81,7,48,9,2461,0.77,.506,17.24,162,2.25,8.64,3.83,8.92,5.13,1.39,3,19,42,CIN,2023,MLB_STATSAPI_OFFICIAL,4.83,1439.3333333333333,222,613,81,1381,6310,3.2494380405687675,4.782092047053251,12.171156893819335,1.3881426586382586,4.782092047053251,MLB_OFFICIAL_FIP_USED_NOT_XFIP
162,162,1332,1559,697,293,17,173,1311,534,9,1352,51,.246,5495,.316,.400,.716,31,159,.837,.163,101,23949,3.96,1444.0,76,86,47,81,103,34,635,1.31,6144,4332,162,1,13,15312,.640,51,10,61,13,2198,0.85,.469,16.59,161,2.46,8.17,3.33,8.43,4.34,1.08,5,14,45,CLE,2023,MLB_STATSAPI_OFFICIAL,3.96,1444.0,173,534,51,1311,6144,3.2494380405687675,4.206501752480125,12.646484375,1.0782548476454292,4.206501752480125,MLB_OFFICIAL_FIP_USED_NOT_XFIP
162,162,1386,1528,957,309,47,234,1129,586,13,1599,86,.288,5559,.361,.486,.847,37,101,.732,.268,146,23866,5.67,1414.0,59,103,32,66,58,34,891,1.55,6316,4242,162,0,6,15026,.630,86,7,51,9,2704,0.91,.364,16.88,162,1.93,7.19,3.73,10.18,6.09,1.49,2,21,62,COL,2023,MLB_STATSAPI_OFFICIAL,5.67,1414.0,234,586,86,1129,6316,3.2494380405687675,5.229636060370748,8.597213426219126,1.4893917963224894,5.229636060370748,MLB_OFFICIAL_FIP_USED_NOT_XFIP
162,162,1355,1491,740,259,24,187,1374,476,8,1320,50,.240,5490,.305,.399,.704,23,79,.775,.225,117,23544,4.24,1442.1,78,84,41,63,102,22,680,1.25,6073,4327,162,0,15,15300,.650,50,5,51,8,2188,0.91,.481,16.32,162,2.89,8.57,2.97,8.24,4.62,1.17,7,12,38,DET,2023,MLB_STATSAPI_OFFICIAL,4.24,1442.3333333333333,187,476,50,1374,6073,3.2494380405687675,4.123715831185823,14.78676107360448,1.166859255835452,4.123715831185823,MLB_OFFICIAL_FIP_USED_NOT_XFIP
162,162,1279,1445,698,266,20,201,1460,537,6,1312,75,.241,5440,.316,.408,.724,31,127,.804,.196,131,24097,3.94,1445.1,90,72,42,61,86,19,632,1.28,6110,4336,162,2,7,15186,.630,75,5,37,6,2221,0.89,.556,16.67,160,2.72,9.09,3.34,8.17,4.35,1.25,2,14,42,HOU,2023,MLB_STATSAPI_OFFICIAL,3.94,1445.3333333333333,201,537,75,1460,6110,3.2494380405687675,4.307325494443306,15.106382978723405,1.2516143911439115,4.307325494443306,MLB_OFFICIAL_FIP_USED_NOT_XFIP
162,162,1312,1495,859,294,31,207,1270,553,8,1429,73,.262,5444,.336,.442,.778,26,105,.802,.198,113,23798,5.17,1409.0,56,106,28,53,66,25,809,1.41,6139,4227,162,3,6,14993,.630,73,6,67,20,2406,0.88,.346,16.89,159,2.30,8.11,3.53,9.13,5.49,1.32,7,10,52,KC,2023,MLB_STATSAPI_OFFICIAL,5.17,1409.0,207,553,73,1270,6139,3.2494380405687675,4.689466429497085,11.679426616712819,1.3222143364088006,4.689466429497085,MLB_OFFICIAL_FIP_USED_NOT_XFIP
162,162,1344,1471,699,256,19,200,1388,454,20,1284,73,.236,5445,.301,.400,.701,29,142,.830,.170,127,23230,4.06,1446.1,100,62,44,61,90,17,652,1.20,6018,4339,162,0,15,15167,.650,73,4,49,6,2178,0.91,.617,16.06,162,3.06,8.64,2.83,7.99,4.35,1.24,4,7,35,LAD,2023,MLB_STATSAPI_OFFICIAL,4.06,1446.3333333333333,200,454,73,1388,6018,3.2494380405687675,4.220860027201632,15.520106347623797,1.2445263885687945,4.220860027201632,MLB_OFFICIAL_FIP_USED_NOT_XFIP
162,162,1374,1515,845,258,15,245,1225,592,25,1512,66,.273,5547,.346,.457,.803,32,160,.833,.167,138,24765,5.02,1428.1,71,91,42,69,75,27,797,1.47,6285,4285,162,0,3,15462,.620,66,8,54,18,2535,0.91,.438,17.34,162,2.07,7.72,3.73,9.53,5.32,1.54,1,17,62,WSH,2023,MLB_STATSAPI_OFFICIAL,5.02,1428.3333333333333,245,592,66,1225,6285,3.2494380405687675,5.146054143252548,10.071599045346062,1.5437572928821472,5.146054143252548,MLB_OFFICIAL_FIP_USED_NOT_XFIP
162,162,1286,1419,729,243,19,190,1397,595,13,1331,85,.247,5381,.330,.406,.736,24,156,.867,.133,126,24292,4.30,1416.1,75,87,34,52,82,18,676,1.36,6115,4249,162,1,7,15072,.620,85,8,59,14,2182,0.91,.463,17.15,161,2.35,8.88,3.78,8.46,4.63,1.21,2,12,40,NYM,2023,MLB_STATSAPI_OFFICIAL,4.3,1416.3333333333333,190,595,85,1397,6115,3.2494380405687675,4.4610172356734985,13.115290269828291,1.207342904212756,4.4610172356734985,MLB_OFFICIAL_FIP_USED_NOT_XFIP
162,162,1282,1608,764,314,18,169,1263,530,34,1385,92,.253,5470,.327,.410,.737,37,114,.755,.245,128,23593,4.37,1436.2,69,93,35,57,100,22,698,1.33,6161,4310,162,1,12,15130,.640,92,7,60,9,2242,0.80,.426,16.42,161,2.38,7.91,3.32,8.68,4.79,1.06,1,17,51,OAK,2024,MLB_STATSAPI_OFFICIAL,4.37,1436.6666666666667,169,530,92,1263,6161,3.159606877517414,4.2294444645243745,11.897419250121734,1.0587006960556844,4.2294444645243745,MLB_OFFICIAL_FIP_USED_NOT_XFIP
162,162,1327,1500,739,282,29,166,1356,515,16,1369,85,.250,5484,.321,.402,.723,27,154,.851,.149,123,23559,4.15,1438.2,76,86,43,72,87,29,664,1.31,6159,4316,162,1,12,15284,.650,85,10,38,11,2207,0.88,.469,16.38,161,2.63,8.48,3.22,8.56,4.62,1.04,7,17,51,PIT,2024,MLB_STATSAPI_OFFICIAL,4.15,1438.6666666666667,166,515,85,1356,6159,3.159606877517414,4.025686580946515,13.654814093196949,1.0384615384615383,4.025686580946515,MLB_OFFICIAL_FIP_USED_NOT_XFIP
162,162,1265,1477,669,254,19,169,1453,462,17,1296,67,.238,5435,.304,.385,.689,23,101,.815,.185,104,23651,3.86,1439.1,93,69,44,67,85,23,617,1.22,6029,4318,162,1,16,15313,.650,67,5,63,9,2095,0.86,.574,16.43,161,3.15,9.09,2.89,8.10,4.18,1.06,9,17,39,SD,2024,MLB_STATSAPI_OFFICIAL,3.86,1439.3333333333333,169,462,67,1453,6029,3.159606877517414,3.7696115092913836,16.437220102836292,1.056739231125521,3.7696115092913836,MLB_OFFICIAL_FIP_USED_NOT_XFIP
162,162,1238,1551,607,235,19,183,1416,369,16,1174,52,.220,5340,.276,.374,.650,40,116,.744,.256,83,22425,3.49,1433.0,85,77,34,56,86,22,556,1.08,5801,4299,162,1,15,14780,.660,52,4,37,7,1996,0.80,.525,15.65,161,3.84,8.89,2.32,7.37,3.81,1.15,1,12,27,SEA,2024,MLB_STATSAPI_OFFICIAL,3.49,1433.0,183,369,52,1416,5801,3.159606877517414,3.7248546095481188,18.04861230822272,1.1493370551290998,3.7248546095481188,MLB_OFFICIAL_FIP_USED_NOT_XFIP
162,162,1484,1236,699,262,29,153,1436,526,11,1339,70,.246,5440,.319,.389,.708,37,146,.798,.202,121,24192,4.10,1433.2,80,82,36,55,99,19,653,1.30,6095,4301,162,2,12,15507,.640,70,6,53,13,2118,1.20,.494,16.87,160,2.73,9.01,3.30,8.41,4.39,0.96,4,16,39,SF,2024,MLB_STATSAPI_OFFICIAL,4.1,1433.6666666666667,153,526,70,1436,6095,3.159606877517414,3.790855424366984,14.930270713699754,0.9604743083003953,3.790855424366984,MLB_OFFICIAL_FIP_USED_NOT_XFIP
162,162,1472,1403,719,281,27,174,1308,454,16,1363,42,.249,5476,.309,.405,.714,29,153,.841,.159,139,23009,4.04,1444.0,83,79,55,83,103,28,648,1.26,6044,4332,162,0,9,14838,.640,42,5,43,6,2220,1.05,.512,15.93,162,2.88,8.15,2.83,8.50,4.48,1.08,2,17,53,STL,2024,MLB_STATSAPI_OFFICIAL,4.04,1444.0,174,454,42,1308,6044,3.159606877517414,3.944925437074201,14.12971542025149,1.0844875346260388,3.944925437074201,MLB_OFFICIAL_FIP_USED_NOT_XFIP
162,162,1237,1578,663,217,18,196,1406,445,15,1286,65,.236,5455,.299,.390,.689,28,119,.810,.190,94,23155,3.77,1440.2,80,82,51,73,112,22,604,1.20,6022,4322,162,0,12,15165,.650,65,2,30,9,2127,0.78,.494,16.07,162,3.16,8.78,2.78,8.03,4.14,1.22,5,16,36,TB,2024,MLB_STATSAPI_OFFICIAL,3.77,1440.6666666666667,196,445,65,1406,6022,3.159606877517414,4.038366710927872,15.958153437396213,1.2244331328088847,4.038366710927872,MLB_OFFICIAL_FIP_USED_NOT_XFIP
162,162,1314,1493,738,235,20,198,1371,530,26,1323,74,.243,5444,.316,.403,.719,20,140,.875,.125,86,24057,4.35,1427.2,78,84,38,57,75,19,690,1.30,6108,4283,162,0,12,15450,.640,74,5,55,2,2192,0.88,.481,16.85,162,2.59,8.64,3.34,8.34,4.65,1.25,3,13,44,TEX,2024,MLB_STATSAPI_OFFICIAL,4.35,1427.6666666666667,198,530,74,1371,6108,3.159606877517414,4.311136179408612,13.768827766863131,1.2481905206630866,4.311136179408612,MLB_OFFICIAL_FIP_USED_NOT_XFIP
162,162,1295,1543,743,249,17,208,1314,503,25,1316,71,.243,5412,.314,.411,.725,37,119,.763,.237,114,23366,4.29,1427.1,74,88,36,59,85,23,681,1.27,6047,4282,162,3,9,15032,.640,71,12,31,6,2223,0.84,.457,16.37,159,2.61,8.29,3.17,8.30,4.68,1.31,4,17,40,TOR,2024,MLB_STATSAPI_OFFICIAL,4.29,1427.3333333333333,208,503,71,1314,6047,3.159606877517414,4.419298610352538,13.411609062344965,1.3115366651097617,4.419298610352538,MLB_OFFICIAL_FIP_USED_NOT_XFIP
162,162,1236,1503,735,244,27,190,1500,433,14,1333,69,.242,5509,.303,.400,.703,22,112,.836,.164,69,23763,4.26,1440.1,82,80,43,62,88,19,682,1.23,6078,4321,162,1,8,15603,.660,69,5,47,8,2201,0.82,.506,16.50,161,3.46,9.37,2.71,8.33,4.59,1.19,4,13,50,MIN,2024,MLB_STATSAPI_OFFICIAL,4.26,1440.3333333333333,190,433,69,1500,6078,3.159606877517414,3.837227798600497,17.55511681474169,1.1872251793566306,3.837227798600497,MLB_OFFICIAL_FIP_USED_NOT_XFIP
162,162,1435,1338,671,262,22,181,1433,444,9,1339,60,.243,5507,.305,.397,.702,31,110,.780,.220,100,23482,3.85,1442.2,95,67,37,56,78,19,617,1.24,6050,4328,162,5,14,15251,.650,60,4,48,11,2188,1.07,.586,16.28,157,3.23,8.94,2.77,8.35,4.19,1.13,1,9,29,PHI,2024,MLB_STATSAPI_OFFICIAL,3.85,1442.6666666666667,181,444,60,1433,6050,3.159606877517414,3.8520745300127928,16.34710743801653,1.1291589648798521,3.8520745300127928,MLB_OFFICIAL_FIP_USED_NOT_XFIP
162,162,1373,1257,607,238,23,150,1553,449,18,1277,68,.236,5413,.301,.372,.673,33,129,.796,.204,117,23133,3.49,1443.1,89,73,40,62,68,22,559,1.20,5978,4330,162,2,17,15174,.660,68,4,34,15,2011,1.09,.549,16.03,160,3.46,9.68,2.80,7.96,3.78,0.94,1,13,34,ATL,2024,MLB_STATSAPI_OFFICIAL,3.49,1443.3333333333333,150,449,68,1553,5978,3.159606877517414,3.4332789329446656,18.467714954834396,0.9353348729792148,3.4332789329446656,MLB_OFFICIAL_FIP_USED_NOT_XFIP
162,162,1242,1536,813,275,22,201,1366,643,25,1397,54,.255,5480,.337,.423,.760,37,139,.790,.210,99,24884,4.67,1420.0,41,121,21,58,64,37,737,1.44,6241,4260,162,0,7,15427,.620,54,12,61,15,2319,0.81,.253,17.52,162,2.12,8.66,4.08,8.85,5.15,1.27,3,16,45,CWS,2024,MLB_STATSAPI_OFFICIAL,4.67,1420.0,201,643,54,1366,6241,3.159606877517414,4.548339271883611,11.584681941996475,1.273943661971831,4.548339271883611,MLB_OFFICIAL_FIP_USED_NOT_XFIP
162,162,1380,1496,841,296,33,195,1317,556,21,1431,88,.257,5558,.332,.428,.760,45,139,.755,.245,102,24409,4.73,1437.1,62,100,33,60,82,27,755,1.38,6269,4312,162,1,7,15400,.630,88,8,46,6,2378,0.92,.383,16.98,161,2.37,8.25,3.48,8.96,5.27,1.22,1,18,48,MIA,2024,MLB_STATSAPI_OFFICIAL,4.73,1437.3333333333333,195,556,88,1317,6269,3.159606877517414,4.43488517065285,12.139097144680171,1.2210111317254175,4.43488517065285,MLB_OFFICIAL_FIP_USED_NOT_XFIP
162,162,1291,1486,668,276,21,181,1457,533,8,1272,88,.233,5462,.309,.391,.700,36,122,.772,.228,93,24679,3.74,1452.2,94,68,45,66,83,21,604,1.24,6131,4358,162,0,14,15670,.630,88,11,39,13,2133,0.87,.580,16.99,162,2.73,9.03,3.30,7.88,4.14,1.12,4,7,37,NYY,2024,MLB_STATSAPI_OFFICIAL,3.74,1452.6666666666667,181,533,88,1457,6131,3.159606877517414,4.055889576002958,15.070950905235689,1.1213859568609452,4.055889576002958,MLB_OFFICIAL_FIP_USED_NOT_XFIP
162,162,1312,1538,641,203,16,196,1373,494,25,1289,64,.237,5444,.306,.388,.694,29,112,.794,.206,99,23563,3.65,1446.0,93,69,53,72,84,19,586,1.23,6076,4338,162,0,14,15170,.640,64,10,40,11,2112,0.85,.574,16.30,162,2.78,8.55,3.07,8.02,3.99,1.22,6,25,43,MIL,2024,MLB_STATSAPI_OFFICIAL,3.65,1446.0,196,494,64,1373,6076,3.159606877517414,4.180353765484218,14.46675444371297,1.2199170124481327,4.180353765484218,MLB_OFFICIAL_FIP_USED_NOT_XFIP
162,162,1351,1530,797,271,20,202,1252,601,34,1328,81,.246,5404,.328,.415,.743,34,107,.759,.241,145,23635,4.56,1431.0,63,99,35,53,65,18,725,1.35,6146,4293,162,0,7,14993,.630,81,11,61,15,2245,0.88,.389,16.52,162,2.08,7.87,3.78,8.35,5.01,1.27,3,14,43,LAA,2024,MLB_STATSAPI_OFFICIAL,4.56,1431.0,202,601,81,1252,6146,3.159606877517414,4.674631335938098,10.592255125284739,1.270440251572327,4.674631335938098,MLB_OFFICIAL_FIP_USED_NOT_XFIP
162,162,1405,1470,788,331,44,181,1313,481,32,1468,54,.262,5596,.324,.434,.758,25,109,.813,.187,122,23618,4.62,1443.1,89,73,38,64,87,26,741,1.35,6195,4330,162,0,10,15303,.650,54,8,49,7,2430,0.96,.549,16.36,162,2.73,8.19,3.00,9.15,4.91,1.13,4,12,48,AZ,2024,MLB_STATSAPI_OFFICIAL,4.62,1443.3333333333333,181,481,54,1313,6195,3.159606877517414,4.082470618856906,13.430185633575464,1.1286374133949193,4.082470618856906,MLB_OFFICIAL_FIP_USED_NOT_XFIP
162,162,1335,1518,699,262,24,175,1380,481,9,1303,53,.238,5482,.303,.390,.693,31,121,.796,.204,86,23560,3.94,1442.0,91,71,46,67,111,21,632,1.24,6071,4326,162,0,9,15135,.640,53,8,46,8,2138,0.88,.562,16.34,162,2.87,8.61,3.00,8.13,4.36,1.09,1,12,42,BAL,2024,MLB_STATSAPI_OFFICIAL,3.94,1442.0,175,481,53,1380,6071,3.159606877517414,3.934225462815611,14.808104101465986,1.0922330097087378,3.934225462815611,MLB_OFFICIAL_FIP_USED_NOT_XFIP
162,162,1430,1469,747,246,14,189,1353,461,26,1363,76,.246,5548,.310,.397,.707,27,99,.786,.214,104,23459,4.04,1452.2,81,81,40,71,87,31,652,1.26,6154,4358,162,1,13,15373,.660,76,4,49,8,2204,0.97,.500,16.15,161,2.93,8.38,2.86,8.44,4.63,1.17,2,14,53,BOS,2024,MLB_STATSAPI_OFFICIAL,4.04,1452.6666666666667,189,461,76,1353,6154,3.159606877517414,4.097192926163582,14.49463763405915,1.1709499770536944,4.097192926163582,MLB_OFFICIAL_FIP_USED_NOT_XFIP
162,162,1311,1533,669,221,17,181,1348,485,7,1302,48,.239,5439,.305,.386,.691,31,118,.792,.208,80,23151,3.78,1432.1,83,79,38,64,80,26,602,1.25,6032,4297,162,1,11,14964,.650,48,6,40,17,2100,0.86,.512,16.16,161,2.78,8.47,3.05,8.18,4.20,1.14,4,21,35,CHC,2024,MLB_STATSAPI_OFFICIAL,3.78,1432.3333333333333,181,485,48,1348,6032,3.159606877517414,4.036497731601659,14.307029177718833,1.1373050965790088,4.036497731601659,MLB_OFFICIAL_FIP_USED_NOT_XFIP
162,162,1186,1625,694,275,16,196,1370,487,14,1302,93,.239,5438,.311,.404,.715,37,123,.769,.231,89,23731,4.09,1428.0,77,85,36,51,79,15,649,1.25,6064,4284,162,1,8,15289,.640,93,3,43,15,2197,0.73,.475,16.62,161,2.81,8.63,3.07,8.21,4.37,1.24,1,11,34,CIN,2024,MLB_STATSAPI_OFFICIAL,4.09,1428.0,196,487,93,1370,6064,3.159606877517414,4.243640490962792,14.561345646437996,1.2352941176470589,4.243640490962792,MLB_OFFICIAL_FIP_USED_NOT_XFIP
161,161,1290,1445,621,286,27,179,1410,492,11,1224,60,.230,5316,.301,.395,.696,24,98,.803,.197,114,23347,3.61,1428.0,92,69,53,69,122,16,572,1.20,5923,4284,161,0,12,15099,.650,60,5,45,18,2101,0.89,.571,16.35,161,2.87,8.89,3.10,7.71,3.91,1.13,2,13,40,CLE,2024,MLB_STATSAPI_OFFICIAL,3.61,1428.0,179,492,60,1410,5923,3.159606877517414,3.9740326478255374,15.498902583150432,1.1281512605042017,3.9740326478255374,MLB_OFFICIAL_FIP_USED_NOT_XFIP
162,162,1483,1486,929,290,38,221,1118,563,12,1604,66,.285,5623,.354,.468,.822,40,141,.779,.221,145,24164,5.47,1426.2,61,101,37,65,61,28,867,1.52,6322,4280,162,0,1,15304,.630,66,4,59,14,2633,1.00,.377,16.94,162,1.99,7.05,3.55,10.12,5.86,1.39,2,18,50,COL,2024,MLB_STATSAPI_OFFICIAL,5.47,1426.6666666666667,221,563,66,1118,6322,3.159606877517414,4.928765756022087,8.77886744701044,1.3941588785046728,4.928765756022087,MLB_OFFICIAL_FIP_USED_NOT_XFIP
162,162,1387,1488,642,217,31,159,1354,416,11,1265,57,.233,5431,.292,.372,.664,33,96,.744,.256,108,23167,3.61,1447.0,86,76,45,71,80,26,581,1.16,5969,4341,162,1,10,15125,.650,57,5,40,3,2021,0.93,.531,16.01,161,3.25,8.42,2.59,7.87,3.99,0.99,2,12,51,DET,2024,MLB_STATSAPI_OFFICIAL,3.61,1447.0,159,416,57,1354,5969,3.159606877517414,3.6972710102057347,15.714525046071367,0.9889426399447131,3.6972710102057347,MLB_OFFICIAL_FIP_USED_NOT_XFIP
161,161,1252,1440,649,222,16,183,1479,544,2,1238,61,.231,5363,.307,.381,.688,37,135,.785,.215,116,23927,3.74,1432.0,88,73,43,69,94,26,595,1.24,6018,4296,161,2,11,15197,.640,61,10,49,7,2041,0.87,.547,16.71,159,2.72,9.30,3.42,7.78,4.08,1.15,4,8,38,HOU,2024,MLB_STATSAPI_OFFICIAL,3.74,1432.0,183,544,61,1479,6018,3.159606877517414,4.022735369137526,15.53672316384181,1.1501396648044693,4.022735369137526,MLB_OFFICIAL_FIP_USED_NOT_XFIP
162,162,1380,1440,644,275,26,146,1339,472,18,1303,70,.241,5403,.308,.383,.691,28,58,.674,.326,105,23315,3.76,1428.0,86,76,41,64,76,23,596,1.24,6007,4284,162,2,11,14879,.640,70,3,40,8,2068,0.96,.531,16.33,160,2.84,8.44,2.97,8.21,4.06,0.92,3,22,37,KC,2024,MLB_STATSAPI_OFFICIAL,3.76,1428.0,146,472,70,1339,6007,3.159606877517414,3.75204385230733,14.433161311802897,0.9201680672268907,3.75204385230733,MLB_OFFICIAL_FIP_USED_NOT_XFIP
162,162,1282,1539,686,255,20,198,1390,501,19,1273,55,.235,5420,.304,.399,.703,38,115,.752,.248,101,23495,3.90,1445.2,98,64,50,79,104,29,626,1.23,6047,4337,162,1,13,15070,.640,55,7,64,15,2162,0.83,.605,16.25,161,2.77,8.65,3.12,7.93,4.27,1.23,7,21,43,LAD,2024,MLB_STATSAPI_OFFICIAL,3.9,1445.6666666666667,198,501,55,1390,6047,3.159606877517414,4.170905009866964,14.701504878452127,1.2326492967489047,4.170905009866964,MLB_OFFICIAL_FIP_USED_NOT_XFIP
162,162,1377,1475,764,262,27,168,1314,473,11,1429,43,.258,5537,.319,.406,.725,30,132,.815,.185,131,23850,4.30,1434.0,71,91,40,63,81,23,685,1.33,6114,4302,162,0,6,15463,.650,43,5,62,6,2249,0.93,.438,16.63,162,2.78,8.25,2.97,8.97,4.79,1.05,3,14,44,WSH,2024,MLB_STATSAPI_OFFICIAL,4.3,1434.0,168,473,43,1314,6114,3.159606877517414,3.929481354504862,13.755315668956495,1.0543933054393306,3.929481354504862,MLB_OFFICIAL_FIP_USED_NOT_XFIP
162,162,1336,1389,697,235,17,165,1455,586,7,1232,94,.230,5358,.315,.373,.688,35,140,.800,.200,110,24173,3.96,1442.1,89,73,39,64,97,25,634,1.26,6098,4327,162,1,9,15241,.630,94,8,67,18,1996,0.96,.549,16.76,161,2.48,9.08,3.66,7.69,4.35,1.03,6,17,37,NYM,2024,MLB_STATSAPI_OFFICIAL,3.96,1442.3333333333333,165,586,94,1455,6098,3.159606877517414,4.043591162241241,14.250573958674975,1.0295816963253988,4.043591162241241,MLB_OFFICIAL_FIP_USED_NOT_XFIP
162,162,1192,1678,817,290,19,222,1323,570,26,1387,80,.252,5509,.328,.432,.760,29,131,.819,.181,94,24756,4.70,1437.2,76,86,35,55,67,20,750,1.36,6232,4313,162,0,11,15522,.630,80,7,29,6,2381,0.71,.469,17.22,162,2.32,8.28,3.57,8.68,5.11,1.39,2,16,55,OAK,2025,MLB_STATSAPI_OFFICIAL,4.7,1437.6666666666667,222,570,80,1323,6232,3.1274568388469723,4.650758485032922,12.082798459563543,1.3897519128217017,4.650758485032922,MLB_OFFICIAL_FIP_USED_NOT_XFIP
162,162,1326,1528,645,285,21,153,1314,473,18,1267,73,.236,5374,.304,.382,.686,31,105,.772,.228,101,23275,3.76,1430.2,71,91,36,62,76,26,598,1.22,5982,4292,162,1,19,15060,.650,73,2,46,5,2053,0.87,.438,16.27,161,2.78,8.27,2.98,7.97,4.06,0.96,1,18,43,PIT,2025,MLB_STATSAPI_OFFICIAL,3.76,1430.6666666666667,153,473,73,1314,5982,3.1274568388469723,3.825732700915938,14.058843196255433,0.9624883504193849,3.825732700915938,MLB_OFFICIAL_FIP_USED_NOT_XFIP
162,162,1214,1542,621,202,16,178,1425,535,22,1197,65,.225,5314,.302,.370,.672,27,106,.797,.203,102,23471,3.63,1433.0,90,72,49,65,104,16,578,1.21,5981,4299,162,2,17,14995,.640,65,5,39,8,1965,0.79,.556,16.38,160,2.66,8.95,3.36,7.52,3.90,1.12,3,22,42,SD,2025,MLB_STATSAPI_OFFICIAL,3.63,1433.0,178,535,65,1425,5981,3.1274568388469723,4.009522435497356,14.880454773449255,1.1179344033496161,4.009522435497356,MLB_OFFICIAL_FIP_USED_NOT_XFIP
162,162,1358,1489,694,249,16,192,1426,454,26,1331,74,.241,5530,.305,.396,.701,27,116,.811,.189,107,23623,3.87,1462.2,90,72,43,69,90,26,629,1.22,6134,4388,162,0,11,15418,.650,74,3,53,5,2188,0.91,.556,16.15,162,3.14,8.77,2.79,8.19,4.27,1.18,2,27,47,SEA,2025,MLB_STATSAPI_OFFICIAL,3.87,1462.6666666666667,192,454,74,1426,6134,3.1274568388469723,3.967019281873408,15.846103684382133,1.1814038286235184,3.967019281873408,MLB_OFFICIAL_FIP_USED_NOT_XFIP
162,162,1456,1352,684,293,22,143,1358,506,18,1353,69,.248,5450,.318,.389,.707,38,92,.708,.292,109,23556,3.82,1433.2,81,81,41,63,89,22,609,1.30,6095,4301,162,1,7,15173,.640,69,8,51,11,2119,1.08,.500,16.43,161,2.68,8.52,3.18,8.49,4.29,0.90,1,28,41,SF,2025,MLB_STATSAPI_OFFICIAL,3.82,1433.6666666666667,143,506,69,1358,6095,3.1274568388469723,3.7328974340573886,13.978671041837574,0.8976982097186701,3.7328974340573886,MLB_OFFICIAL_FIP_USED_NOT_XFIP
162,162,1531,1432,754,274,36,170,1209,461,17,1434,48,.259,5528,.319,.414,.733,35,121,.776,.224,107,23052,4.29,1432.0,78,84,42,65,92,23,682,1.32,6120,4296,162,2,13,14789,.640,48,4,52,9,2290,1.07,.481,16.10,160,2.62,7.60,2.90,9.01,4.74,1.07,5,25,53,STL,2025,MLB_STATSAPI_OFFICIAL,4.29,1432.0,170,461,48,1209,6120,3.1274568388469723,4.048546224321832,12.222222222222221,1.068435754189944,4.048546224321832,MLB_OFFICIAL_FIP_USED_NOT_XFIP
162,162,1330,1396,683,225,14,205,1416,474,11,1273,67,.237,5369,.305,.399,.704,40,152,.792,.208,128,22967,3.94,1431.1,77,85,35,64,87,29,627,1.22,5960,4294,162,1,11,14960,.650,67,6,33,15,2141,0.95,.475,16.05,161,2.99,8.90,2.98,8.00,4.29,1.29,3,13,34,TB,2025,MLB_STATSAPI_OFFICIAL,3.94,1431.3333333333333,205,474,67,1416,5960,3.1274568388469723,4.144690187705845,15.805369127516776,1.2890079180251515,4.144690187705845,MLB_OFFICIAL_FIP_USED_NOT_XFIP
162,162,1322,1527,605,229,16,172,1344,463,24,1235,50,.230,5373,.295,.374,.669,26,127,.830,.170,109,22907,3.47,1443.0,81,81,37,66,81,29,557,1.18,5942,4329,162,2,14,14845,.650,50,4,43,9,2012,0.87,.500,15.87,160,2.90,8.38,2.89,7.70,3.77,1.07,1,19,36,TEX,2025,MLB_STATSAPI_OFFICIAL,3.47,1443.0,172,463,50,1344,5942,3.1274568388469723,3.8807485921387257,14.826657691013127,1.0727650727650728,3.8807485921387257,MLB_OFFICIAL_FIP_USED_NOT_XFIP
162,162,1235,1520,721,253,14,209,1430,517,25,1313,72,.241,5446,.313,.408,.721,34,110,.764,.236,97,23711,4.19,1438.0,94,68,42,65,96,23,669,1.27,6089,4314,162,2,8,15166,.640,72,9,32,8,2221,0.81,.580,16.49,160,2.77,8.95,3.24,8.22,4.51,1.31,2,13,39,TOR,2025,MLB_STATSAPI_OFFICIAL,4.19,1438.0,209,517,72,1430,6089,3.1274568388469723,4.256803153172425,14.994251929709312,1.308066759388039,4.256803153172425,MLB_OFFICIAL_FIP_USED_NOT_XFIP
162,162,1197,1607,773,275,13,194,1372,459,19,1411,69,.256,5506,.318,.417,.735,38,134,.779,.221,80,23884,4.55,1426.2,70,92,28,53,95,25,721,1.31,6116,4280,162,1,10,15439,.650,69,10,47,12,2294,0.74,.432,16.74,161,2.99,8.66,2.90,8.90,4.88,1.22,1,21,60,MIN,2025,MLB_STATSAPI_OFFICIAL,4.55,1426.6666666666667,194,459,69,1372,6116,3.1274568388469723,4.082129736043234,14.928057553956833,1.2238317757009345,4.082129736043234,MLB_OFFICIAL_FIP_USED_NOT_XFIP
162,162,1337,1389,648,250,16,177,1471,435,9,1342,52,.245,5488,.304,.393,.697,41,99,.707,.293,86,23276,3.79,1440.1,96,66,47,74,83,27,607,1.23,6026,4321,162,2,14,15115,.650,52,4,36,15,2155,0.96,.593,16.16,160,3.38,9.19,2.72,8.39,4.05,1.11,0,16,35,PHI,2025,MLB_STATSAPI_OFFICIAL,3.79,1440.3333333333333,177,435,52,1471,6026,3.1274568388469723,3.6967694979536607,17.192167275141053,1.1059939828743346,3.6967694979536607,MLB_OFFICIAL_FIP_USED_NOT_XFIP
162,162,1325,1427,734,245,23,197,1416,530,20,1348,70,.247,5460,.319,.408,.727,38,152,.800,.200,89,23972,4.36,1438.0,76,86,34,55,73,21,696,1.31,6116,4314,162,1,8,15289,.640,70,8,40,18,2230,0.93,.469,16.67,161,2.67,8.86,3.32,8.44,4.59,1.23,0,15,41,ATL,2025,MLB_STATSAPI_OFFICIAL,4.36,1438.0,197,530,70,1416,6116,3.1274568388469723,4.190739175425554,14.4865925441465,1.232962447844228,4.190739175425554,MLB_OFFICIAL_FIP_USED_NOT_XFIP
162,162,1219,1610,742,287,23,189,1286,595,29,1336,72,.248,5394,.328,.415,.743,31,147,.826,.174,116,23890,4.26,1416.0,60,102,25,49,72,24,671,1.36,6124,4248,162,0,9,14942,.630,72,10,48,18,2236,0.76,.370,16.87,162,2.16,8.17,3.78,8.49,4.72,1.20,6,12,45,CWS,2025,MLB_STATSAPI_OFFICIAL,4.26,1416.0,189,595,72,1286,6124,3.1274568388469723,4.459377742801775,11.28347485303723,1.201271186440678,4.459377742801775,MLB_OFFICIAL_FIP_USED_NOT_XFIP
162,162,1393,1540,798,280,23,199,1294,507,17,1376,71,.248,5543,.317,.415,.732,24,191,.888,.112,90,23960,4.60,1443.1,79,83,40,62,85,22,737,1.30,6185,4330,162,0,11,15379,.640,71,10,65,3,2299,0.90,.488,16.60,162,2.55,8.07,3.16,8.58,4.98,1.24,4,10,50,MIA,2025,MLB_STATSAPI_OFFICIAL,4.6,1443.3333333333333,199,507,71,1294,6185,3.1274568388469723,4.328149679493624,12.724333063864188,1.240877598152425,4.328149679493624,MLB_OFFICIAL_FIP_USED_NOT_XFIP
162,162,1367,1415,685,244,22,175,1440,557,12,1239,57,.229,5414,.306,.379,.685,26,102,.797,.203,91,23783,3.91,1439.2,94,68,43,64,101,21,625,1.25,6080,4319,162,0,11,15106,.640,57,9,53,16,2052,0.97,.580,16.52,162,2.59,9.00,3.48,7.75,4.28,1.09,5,13,34,NYY,2025,MLB_STATSAPI_OFFICIAL,3.91,1439.6666666666667,175,557,57,1440,6080,3.1274568388469723,3.986683511687908,14.523026315789473,1.0940032414910859,3.986683511687908,MLB_OFFICIAL_FIP_USED_NOT_XFIP
162,162,1269,1499,634,226,17,168,1432,534,20,1237,66,.230,5378,.305,.372,.677,29,78,.729,.271,109,23717,3.58,1442.0,97,65,45,66,107,21,574,1.23,6041,4326,162,0,12,15118,.640,66,7,33,6,2001,0.85,.599,16.45,162,2.68,8.94,3.33,7.72,3.96,1.05,4,22,37,MIL,2025,MLB_STATSAPI_OFFICIAL,3.58,1442.0,168,534,66,1432,6041,3.1274568388469723,3.904155867973186,14.865088561496442,1.0485436893203883,3.904155867973186,MLB_OFFICIAL_FIP_USED_NOT_XFIP
162,162,1360,1512,837,252,22,223,1280,620,44,1429,52,.260,5504,.337,.435,.772,30,124,.805,.195,140,24123,4.89,1431.1,72,90,38,72,82,34,777,1.43,6255,4294,162,0,8,15323,.640,52,10,63,9,2394,0.90,.444,16.85,162,2.06,8.05,3.90,8.99,5.26,1.40,2,18,59,LAA,2025,MLB_STATSAPI_OFFICIAL,4.89,1431.3333333333333,223,620,52,1280,6255,3.1274568388469723,4.772775888683954,10.551558752997602,1.4021891010712622,4.772775888683954,MLB_OFFICIAL_FIP_USED_NOT_XFIP
162,162,1408,1525,785,317,29,196,1288,500,20,1403,57,.252,5566,.318,.425,.743,24,107,.817,.183,110,23841,4.49,1444.0,80,82,42,71,89,29,721,1.32,6183,4332,162,0,9,15115,.630,57,8,31,9,2366,0.92,.494,16.51,162,2.58,8.03,3.12,8.74,4.89,1.22,2,20,38,AZ,2025,MLB_STATSAPI_OFFICIAL,4.49,1444.0,196,500,57,1288,6183,3.1274568388469723,4.265268473196003,12.74462235160925,1.221606648199446,4.265268473196003,MLB_OFFICIAL_FIP_USED_NOT_XFIP
162,162,1345,1463,788,248,26,217,1351,523,19,1433,48,.259,5529,.326,.431,.757,29,104,.782,.218,109,23846,4.60,1432.2,75,87,38,58,105,20,733,1.37,6166,4298,162,1,7,15297,.640,48,8,63,13,2384,0.92,.463,16.64,161,2.58,8.49,3.29,9.00,4.95,1.36,3,20,43,BAL,2025,MLB_STATSAPI_OFFICIAL,4.6,1432.6666666666667,217,523,48,1351,6166,3.1274568388469723,4.406191133867912,13.428478754459942,1.3631921824104234,4.406191133867912,MLB_OFFICIAL_FIP_USED_NOT_XFIP
162,162,1413,1431,676,215,9,164,1361,530,17,1333,73,.243,5482,.316,.375,.691,42,124,.747,.253,116,23629,3.70,1448.1,89,73,45,73,86,28,596,1.29,6150,4345,162,2,11,15226,.640,73,5,53,5,2058,0.99,.549,16.31,160,2.57,8.46,3.29,8.28,4.20,1.02,9,14,41,BOS,2025,MLB_STATSAPI_OFFICIAL,3.7,1448.3333333333333,164,530,73,1361,6150,3.1274568388469723,3.9691139159470876,13.51219512195122,1.019102416570771,3.9691139159470876,MLB_OFFICIAL_FIP_USED_NOT_XFIP
162,162,1267,1628,649,222,23,202,1265,405,9,1284,53,.239,5383,.296,.401,.697,35,80,.696,.304,102,22552,3.79,1435.0,92,70,44,64,111,20,605,1.18,5904,4305,162,0,15,14823,.660,53,1,29,27,2158,0.78,.568,15.72,162,3.12,7.93,2.54,8.05,4.07,1.27,2,20,41,CHC,2025,MLB_STATSAPI_OFFICIAL,3.79,1435.0,202,405,53,1265,5904,3.1274568388469723,4.151847082749411,14.566395663956639,1.2668989547038327,4.151847082749411,MLB_OFFICIAL_FIP_USED_NOT_XFIP
162,162,1257,1573,681,284,18,190,1380,494,13,1260,67,.233,5399,.303,.398,.701,35,114,.765,.235,83,23776,3.86,1435.0,83,79,41,63,104,22,616,1.22,6035,4305,162,4,9,15269,.640,67,2,45,10,2150,0.80,.512,16.57,158,2.79,8.66,3.10,7.90,4.27,1.19,4,26,45,CIN,2025,MLB_STATSAPI_OFFICIAL,3.86,1435.0,190,494,67,1380,6035,3.1274568388469723,4.098188546164046,14.681027340513669,1.1916376306620209,4.098188546164046,MLB_OFFICIAL_FIP_USED_NOT_XFIP
162,162,1286,1514,649,247,18,169,1381,527,19,1291,54,.238,5414,.310,.384,.694,42,108,.720,.280,98,23796,3.70,1442.0,88,74,47,69,112,22,593,1.26,6054,4326,162,2,16,15202,.640,54,9,43,16,2081,0.85,.543,16.50,160,2.62,8.62,3.29,8.06,4.05,1.05,1,19,39,CLE,2025,MLB_STATSAPI_OFFICIAL,3.7,1442.0,169,527,54,1381,6054,3.1274568388469723,3.944377781981508,14.106375949785265,1.0547850208044383,3.944377781981508,MLB_OFFICIAL_FIP_USED_NOT_XFIP
162,162,1422,1547,1021,329,31,251,1093,554,19,1673,73,.296,5661,.362,.498,.860,32,131,.804,.196,131,24002,5.97,1407.1,43,119,29,54,61,25,933,1.58,6367,4222,162,0,3,15172,.630,73,7,60,7,2817,0.92,.265,17.05,162,1.97,6.99,3.54,10.70,6.53,1.61,5,15,59,COL,2025,MLB_STATSAPI_OFFICIAL,5.97,1407.3333333333333,251,554,73,1093,6367,3.1274568388469723,5.22930430450306,8.465525365164126,1.6051634296541926,5.22930430450306,MLB_OFFICIAL_FIP_USED_NOT_XFIP
162,162,1376,1426,691,247,21,187,1375,485,14,1309,59,.241,5428,.308,.398,.706,36,82,.695,.305,113,23329,3.95,1436.1,87,75,40,62,75,22,630,1.25,6034,4309,162,1,17,15046,.640,59,4,50,10,2159,0.96,.537,16.24,161,2.84,8.62,3.04,8.20,4.33,1.17,4,22,36,DET,2025,MLB_STATSAPI_OFFICIAL,3.95,1436.3333333333333,187,485,59,1375,6034,3.1274568388469723,4.041590048408356,14.749751408684123,1.1717335808772338,4.041590048408356,MLB_OFFICIAL_FIP_USED_NOT_XFIP
162,162,1235,1475,665,242,16,199,1504,508,7,1257,58,.232,5408,.303,.393,.696,30,157,.840,.160,89,23548,3.86,1442.0,87,75,45,62,89,17,619,1.22,6041,4326,162,3,12,14993,.640,58,4,38,10,2128,0.84,.537,16.33,159,2.96,9.39,3.17,7.85,4.15,1.24,4,23,40,HOU,2025,MLB_STATSAPI_OFFICIAL,3.86,1442.0,199,508,58,1504,6041,3.1274568388469723,4.013032428306057,16.487336533686474,1.242024965325936,4.013032428306057,MLB_OFFICIAL_FIP_USED_NOT_XFIP
162,162,1369,1525,637,256,26,171,1271,478,17,1308,45,.241,5430,.306,.392,.698,23,47,.671,.329,117,23285,3.73,1436.2,82,80,47,67,89,20,596,1.24,5997,4310,162,0,10,14888,.640,45,3,54,16,2129,0.90,.506,16.21,162,2.66,7.96,2.99,8.19,3.99,1.07,1,17,25,KC,2025,MLB_STATSAPI_OFFICIAL,3.73,1436.6666666666667,171,478,45,1271,5997,3.1274568388469723,3.997526444415418,13.223278305819578,1.07122969837587,3.997526444415418,MLB_OFFICIAL_FIP_USED_NOT_XFIP
162,162,1282,1412,683,251,24,175,1505,563,33,1250,65,.232,5380,.310,.386,.696,39,112,.742,.258,85,23959,3.95,1441.0,93,69,46,73,128,27,633,1.26,6077,4323,162,0,10,15216,.640,65,5,71,11,2074,0.91,.574,16.63,162,2.67,9.40,3.52,7.81,4.27,1.09,0,21,48,LAD,2025,MLB_STATSAPI_OFFICIAL,3.95,1441.0,175,563,65,1505,6077,3.1274568388469723,3.9248197812480825,15.501069606713838,1.0929909784871616,3.9248197812480825,MLB_OFFICIAL_FIP_USED_NOT_XFIP
162,162,1362,1529,899,270,29,214,1248,566,6,1491,89,.268,5554,.342,.443,.785,39,107,.733,.267,114,24438,5.35,1423.1,66,96,37,57,77,20,846,1.45,6287,4270,162,0,9,15491,.630,89,5,68,8,2461,0.89,.407,17.17,162,2.20,7.89,3.58,9.43,5.68,1.35,2,19,57,WSH,2025,MLB_STATSAPI_OFFICIAL,5.35,1423.3333333333333,214,566,89,1248,6287,3.1274568388469723,4.708955667886785,10.847781135676794,1.3531615925058549,4.708955667886785,MLB_OFFICIAL_FIP_USED_NOT_XFIP
162,162,1441,1344,715,258,25,149,1387,556,6,1338,80,.246,5450,.322,.384,.706,39,80,.672,.328,100,24160,4.03,1432.0,83,79,40,68,101,28,641,1.32,6153,4296,162,1,9,15374,.640,80,4,62,7,2093,1.07,.512,16.87,161,2.49,8.72,3.49,8.41,4.49,0.94,7,16,44,NYM,2025,MLB_STATSAPI_OFFICIAL,4.03,1432.0,149,556,80,1387,6153,3.1274568388469723,3.875361866779933,13.505607020965382,0.9364525139664804,3.875361866779933,MLB_OFFICIAL_FIP_USED_NOT_XFIP
132,132,979,1306,764,247,21,201,1106,525,18,1239,64,.272,4563,.351,.467,.818,34,86,.717,.283,83,20310,5.50,1167.0,51,81,32,58,73,26,713,1.51,5222,3501,132,1,6,12735,.630,64,8,40,13,2131,0.75,.386,17.40,131,2.11,8.53,4.05,9.56,5.89,1.55,3,15,52,OAK,2026,MLB_STATSAPI_OFFICIAL,5.5,1167.0,201,525,64,1106,5222,3.076572524971672,4.9343274521353395,11.126005361930295,1.5501285347043703,4.9343274521353395,MLB_OFFICIAL_FIP_USED_NOT_XFIP
133,133,1035,1198,630,240,13,134,1236,493,18,1077,72,.239,4505,.322,.387,.709,27,84,.757,.243,96,20099,4.26,1188.1,64,69,26,47,52,21,563,1.32,5115,3565,133,1,7,12829,.640,72,6,45,7,1745,0.86,.481,16.91,132,2.51,9.36,3.73,8.16,4.77,1.01,4,12,29,PIT,2026,MLB_STATSAPI_OFFICIAL,4.26,1188.3333333333333,134,493,72,1236,5115,3.076572524971672,3.888634236051616,14.52590420332356,1.014866760168303,3.888634236051616,MLB_OFFICIAL_FIP_USED_NOT_XFIP
132,132,1113,1190,551,191,16,145,1067,449,14,1062,52,.242,4391,.318,.392,.710,40,83,.675,.325,91,19417,3.99,1169.0,71,61,39,54,81,15,518,1.29,4936,3507,132,0,9,12325,.630,52,5,36,10,1720,0.94,.538,16.61,132,2.38,8.21,3.46,8.18,4.24,1.12,3,14,27,SD,2026,MLB_STATSAPI_OFFICIAL,3.99,1169.0,145,449,52,1067,4936,3.076572524971672,4.149284244389978,12.520259319286872,1.11633875106929,4.149284244389978,MLB_OFFICIAL_FIP_USED_NOT_XFIP
132,132,1046,1216,576,210,12,154,1122,342,15,1101,58,.249,4429,.309,.406,.715,28,96,.774,.226,89,18827,4.11,1166.0,63,69,29,50,69,21,532,1.24,4887,3498,132,1,9,12409,.660,58,5,28,15,1797,0.86,.477,16.15,131,3.28,8.66,2.64,8.50,4.45,1.19,2,20,36,SEA,2026,MLB_STATSAPI_OFFICIAL,4.11,1166.0,154,342,58,1122,4887,3.076572524971672,3.8981848748859087,15.960712093308778,1.1886792452830188,3.8981848748859087,MLB_OFFICIAL_FIP_USED_NOT_XFIP
131,131,1215,1140,603,192,29,119,987,489,16,1077,57,.247,4356,.328,.387,.715,34,105,.755,.245,100,19328,4.32,1153.1,53,78,24,44,63,20,554,1.36,4968,3460,131,1,10,12017,.620,57,4,48,7,1684,1.07,.405,16.76,130,2.02,7.70,3.82,8.40,4.71,0.93,3,22,41,SF,2026,MLB_STATSAPI_OFFICIAL,4.32,1153.3333333333333,119,489,57,987,4968,3.076572524971672,4.126572524971672,10.024154589371982,0.9286127167630058,4.126572524971672,MLB_OFFICIAL_FIP_USED_NOT_XFIP
132,132,1186,1186,587,229,11,129,1015,446,11,1124,58,.252,4459,.325,.395,.720,21,89,.809,.191,117,19636,4.14,1176.0,66,66,38,62,85,24,541,1.34,5019,3528,132,1,9,12281,.630,58,3,52,10,1762,1.00,.500,16.70,131,2.28,7.77,3.41,8.60,4.49,0.99,4,12,40,STL,2026,MLB_STATSAPI_OFFICIAL,4.14,1176.0,129,446,58,1015,5019,3.076572524971672,4.062116742658747,11.336919705120541,0.9872448979591837,4.062116742658747,MLB_OFFICIAL_FIP_USED_NOT_XFIP
131,131,1054,1302,544,202,13,167,1073,330,24,1021,49,.233,4391,.291,.399,.690,29,109,.790,.210,74,18311,3.81,1169.0,78,53,52,67,101,15,495,1.16,4830,3507,131,1,11,12085,.660,49,3,35,4,1750,0.81,.595,15.66,130,3.25,8.26,2.54,7.86,4.19,1.29,1,17,41,TB,2026,MLB_STATSAPI_OFFICIAL,3.81,1169.0,167,330,49,1073,4830,3.076572524971672,4.070584501019576,15.38302277432712,1.2857142857142856,4.070584501019576,MLB_OFFICIAL_FIP_USED_NOT_XFIP
132,132,1023,1259,569,209,21,157,1115,390,23,1097,52,.246,4453,.313,.408,.721,23,81,.779,.221,74,19057,4.17,1157.1,66,66,37,53,66,16,536,1.28,4940,3472,132,0,12,12324,.650,52,1,41,3,1819,0.81,.500,16.47,132,2.86,8.67,3.03,8.53,4.42,1.22,4,15,26,TEX,2026,MLB_STATSAPI_OFFICIAL,4.17,1157.3333333333333,157,390,52,1115,4940,3.076572524971672,4.059003400547709,14.676113360323887,1.2209101382488479,4.059003400547709,MLB_OFFICIAL_FIP_USED_NOT_XFIP
132,132,1100,1168,576,176,9,136,1150,483,29,1050,34,.239,4401,.316,.375,.691,40,126,.759,.241,71,19673,3.98,1174.1,64,68,44,59,85,15,519,1.31,4988,3523,132,1,8,12500,.640,34,7,41,5,1652,0.94,.485,16.75,131,2.38,8.81,3.70,8.05,4.41,1.04,3,26,41,TOR,2026,MLB_STATSAPI_OFFICIAL,3.98,1174.3333333333333,136,483,34,1150,4988,3.076572524971672,3.94429889454306,13.372093023255813,1.0422934998580755,3.94429889454306,MLB_OFFICIAL_FIP_USED_NOT_XFIP
132,132,1040,1279,660,231,16,152,1088,484,14,1131,56,.253,4470,.331,.414,.745,20,110,.846,.154,81,19807,4.67,1163.2,64,68,38,53,89,15,604,1.39,5082,3491,132,1,3,12551,.630,56,7,35,8,1850,0.81,.485,17.02,131,2.25,8.41,3.74,8.75,5.10,1.18,4,25,43,MIN,2026,MLB_STATSAPI_OFFICIAL,4.67,1163.6666666666667,152,484,56,1088,5082,3.076572524971672,4.296853246827873,11.885084612357339,1.1755943855628759,4.296853246827873,MLB_OFFICIAL_FIP_USED_NOT_XFIP
132,132,1066,1060,581,187,23,159,1302,400,9,1129,57,.250,4509,.317,.408,.725,34,78,.696,.304,69,19714,4.13,1171.2,73,59,35,52,57,17,538,1.30,5014,3515,132,1,15,12578,.640,57,3,33,11,1839,1.01,.553,16.83,131,3.26,10.00,3.07,8.67,4.46,1.22,0,16,32,PHI,2026,MLB_STATSAPI_OFFICIAL,4.13,1171.6666666666667,159,400,57,1302,5014,3.076572524971672,3.7883790683571625,17.989629038691664,1.2213371266002846,3.7883790683571625,MLB_OFFICIAL_FIP_USED_NOT_XFIP
131,131,1042,1230,504,165,18,146,1112,445,12,1002,46,.231,4337,.307,.378,.685,17,95,.848,.152,97,18942,3.60,1162.0,76,55,40,57,94,17,465,1.25,4880,3486,131,0,8,12066,.640,46,4,26,6,1641,0.85,.580,16.30,131,2.50,8.61,3.45,7.76,3.90,1.13,3,17,32,ATL,2026,MLB_STATSAPI_OFFICIAL,3.6,1162.0,146,445,46,1112,4880,3.076572524971672,4.0636637470026535,13.668032786885245,1.1308089500860585,4.0636637470026535,MLB_OFFICIAL_FIP_USED_NOT_XFIP
131,131,1032,1265,586,201,19,148,1105,472,19,1055,77,.240,4394,.322,.396,.718,36,102,.739,.261,72,19772,4.14,1170.0,68,63,33,59,54,26,538,1.31,5011,3510,131,0,9,12528,.630,77,8,59,10,1738,0.82,.519,16.90,131,2.34,8.50,3.63,8.12,4.51,1.14,5,25,38,CWS,2026,MLB_STATSAPI_OFFICIAL,4.14,1170.0,148,472,77,1105,5011,3.076572524971672,4.2398203882195356,12.632209139892236,1.1384615384615384,4.2398203882195356,MLB_OFFICIAL_FIP_USED_NOT_XFIP
132,132,1100,1200,556,189,20,129,1082,439,7,1006,67,.231,4348,.310,.373,.683,33,109,.768,.232,81,18943,3.90,1157.0,67,65,30,48,74,18,502,1.25,4897,3471,132,1,12,12234,.650,67,5,38,0,1622,0.92,.508,16.37,131,2.46,8.42,3.41,7.83,4.32,1.00,3,11,29,MIA,2026,MLB_STATSAPI_OFFICIAL,3.9,1157.0,129,439,67,1082,4897,3.076572524971672,3.967670191350237,13.130488053910558,1.003457216940363,3.967670191350237,MLB_OFFICIAL_FIP_USED_NOT_XFIP
130,130,1120,1113,479,185,16,127,1164,395,12,968,47,.224,4316,.294,.363,.657,18,62,.775,.225,88,18799,3.20,1161.2,74,56,39,62,72,23,413,1.17,4813,3485,130,0,12,12058,.640,47,4,29,13,1566,1.01,.569,16.18,130,2.95,9.02,3.06,7.50,3.71,0.98,6,16,33,NYY,2026,MLB_STATSAPI_OFFICIAL,3.2,1161.6666666666667,127,395,47,1164,4813,3.076572524971672,3.635252582360481,15.97756077290671,0.9839311334289813,3.635252582360481,MLB_OFFICIAL_FIP_USED_NOT_XFIP
131,131,979,1163,489,175,13,130,1269,415,15,951,52,.220,4325,.295,.357,.652,29,57,.663,.337,90,19047,3.42,1171.1,81,50,43,61,68,18,445,1.17,4829,3514,131,1,9,12374,.650,52,6,44,13,1542,0.84,.618,16.26,130,3.06,9.75,3.19,7.31,3.76,1.00,0,16,21,MIL,2026,MLB_STATSAPI_OFFICIAL,3.42,1171.3333333333333,130,415,52,1269,4829,3.076572524971672,3.5486840787565326,17.684820873886935,0.9988616960728515,3.5486840787565326,MLB_OFFICIAL_FIP_USED_NOT_XFIP
132,132,1066,1155,611,182,17,140,1181,539,20,1014,68,.232,4364,.323,.378,.701,26,89,.774,.226,76,20123,4.26,1163.0,52,80,21,43,70,22,551,1.34,5026,3489,132,0,11,12603,.630,68,3,54,10,1650,0.92,.394,17.30,132,2.19,9.14,4.17,7.85,4.73,1.08,3,12,40,LAA,2026,MLB_STATSAPI_OFFICIAL,4.26,1163.0,140,539,68,1181,5026,3.076572524971672,4.1763145714033145,12.77357739753283,1.0834049871023217,4.1763145714033145,MLB_OFFICIAL_FIP_USED_NOT_XFIP
132,132,1145,1355,596,226,27,155,896,390,16,1129,51,.253,4469,.317,.419,.736,17,76,.817,.183,100,18640,4.21,1172.0,69,63,32,47,73,15,548,1.30,4970,3516,132,1,8,11950,.640,51,7,26,11,1874,0.85,.523,15.90,131,2.30,6.88,2.99,8.67,4.58,1.19,4,18,38,AZ,2026,MLB_STATSAPI_OFFICIAL,4.21,1172.0,155,390,51,896,4970,3.076572524971672,4.39568515295802,10.181086519114688,1.190273037542662,4.39568515295802,MLB_OFFICIAL_FIP_USED_NOT_XFIP
131,131,1107,1248,618,226,23,139,1038,435,13,1132,37,.254,4462,.322,.408,.730,33,69,.676,.324,82,19086,4.19,1165.2,63,68,34,52,68,18,543,1.34,4999,3497,131,1,2,12233,.640,37,2,41,6,1821,0.89,.481,16.37,130,2.39,8.01,3.36,8.74,4.77,1.07,2,13,50,BAL,2026,MLB_STATSAPI_OFFICIAL,4.19,1165.6666666666667,139,435,37,1038,4999,3.076572524971672,4.060558798920772,12.0624124824965,1.0732056048041176,4.060558798920772,MLB_OFFICIAL_FIP_USED_NOT_XFIP
131,131,1107,1166,492,203,8,126,1119,375,8,1050,52,.239,4389,.305,.375,.680,17,87,.837,.163,84,18310,3.50,1165.1,72,59,37,48,80,11,453,1.22,4870,3496,131,0,13,11970,.650,52,4,27,3,1647,0.95,.550,15.71,131,2.98,8.64,2.90,8.11,3.80,0.97,1,20,33,BOS,2026,MLB_STATSAPI_OFFICIAL,3.5,1165.3333333333333,126,375,52,1119,4870,3.076572524971672,3.6609546760014204,15.277207392197125,0.9731121281464532,3.6609546760014204,MLB_OFFICIAL_FIP_USED_NOT_XFIP
132,132,1136,1260,569,154,10,196,1013,394,10,1085,52,.243,4456,.311,.414,.725,26,73,.737,.263,90,19089,4.09,1181.0,76,56,29,50,49,21,537,1.25,4941,3543,132,0,6,12268,.640,52,3,29,21,1847,0.90,.576,16.16,132,2.57,7.72,3.00,8.27,4.34,1.49,1,17,21,CHC,2026,MLB_STATSAPI_OFFICIAL,4.09,1181.0,196,394,52,1013,4941,3.076572524971672,4.651509019467862,12.52782837482291,1.493649449618967,4.651509019467862,MLB_OFFICIAL_FIP_USED_NOT_XFIP
132,132,1054,1308,636,198,24,163,1061,544,17,1111,65,.248,4473,.336,.413,.749,26,125,.828,.172,81,20175,4.52,1172.0,62,70,33,54,73,21,589,1.41,5151,3516,132,0,8,12583,.620,65,2,38,10,1846,0.81,.470,17.21,132,1.95,8.15,4.18,8.53,4.88,1.25,8,17,44,CIN,2026,MLB_STATSAPI_OFFICIAL,4.52,1172.0,163,544,65,1061,5151,3.076572524971672,4.6328865181457335,10.036886041545332,1.2517064846416381,4.6328865181457335,MLB_OFFICIAL_FIP_USED_NOT_XFIP
132,132,1001,1182,538,201,15,149,1231,433,12,1040,51,.236,4401,.310,.390,.700,19,90,.826,.174,68,19496,3.73,1169.2,66,66,38,52,100,14,485,1.26,4938,3509,132,0,4,12446,.640,51,2,50,13,1718,0.85,.500,16.67,132,2.84,9.47,3.33,8.00,4.14,1.15,0,16,37,CLE,2026,MLB_STATSAPI_OFFICIAL,3.73,1169.6666666666667,149,433,51,1231,4938,3.076572524971672,3.869106010295126,16.160388821385176,1.1464804787688798,3.869106010295126,MLB_OFFICIAL_FIP_USED_NOT_XFIP
131,131,1133,1333,766,295,44,181,886,431,18,1328,51,.289,4594,.352,.491,.843,20,105,.840,.160,84,19579,5.59,1151.2,50,81,29,49,50,20,715,1.53,5164,3455,131,1,1,12446,.640,51,5,35,13,2254,0.85,.382,17.00,130,2.06,6.92,3.37,10.38,5.99,1.41,2,23,63,COL,2026,MLB_STATSAPI_OFFICIAL,5.59,1151.6666666666667,181,431,51,886,5164,3.076572524971672,4.836630412091788,8.810999225406661,1.4144717800289435,4.836630412091788,MLB_OFFICIAL_FIP_USED_NOT_XFIP
131,131,1156,1160,518,197,18,135,1066,404,9,1009,56,.232,4343,.304,.379,.683,27,76,.738,.262,93,18538,3.62,1158.1,61,70,26,54,60,28,466,1.22,4851,3475,131,0,14,11930,.640,56,3,30,8,1647,1.00,.466,16.00,131,2.64,8.28,3.14,7.84,4.02,1.05,0,24,24,DET,2026,MLB_STATSAPI_OFFICIAL,3.62,1158.3333333333333,135,404,56,1066,4851,3.076572524971672,3.9424718055472114,13.646670789527931,1.0489208633093525,3.9424718055472114,MLB_OFFICIAL_FIP_USED_NOT_XFIP
131,131,951,1268,640,171,19,173,1149,540,3,1047,79,.240,4366,.332,.407,.739,34,105,.755,.245,89,19988,4.63,1163.1,65,66,39,48,65,9,599,1.36,5034,3490,131,0,8,12490,.620,79,5,44,9,1775,0.75,.496,17.18,131,2.13,8.89,4.18,8.10,4.95,1.34,0,20,29,HOU,2026,MLB_STATSAPI_OFFICIAL,4.63,1163.3333333333333,173,540,79,1149,5034,3.076572524971672,4.630727252765368,12.097735399284863,1.3383954154727795,4.630727252765368,MLB_OFFICIAL_FIP_USED_NOT_XFIP
132,132,1144,1221,651,240,20,163,964,490,12,1140,50,.258,4426,.336,.431,.767,33,66,.667,.333,103,19447,4.72,1160.1,58,74,33,56,65,23,609,1.40,5009,3481,132,2,7,12183,.630,50,4,46,16,1909,0.94,.439,16.76,130,1.97,7.48,3.80,8.84,5.05,1.26,0,15,28,KC,2026,MLB_STATSAPI_OFFICIAL,4.72,1160.3333333333333,163,490,50,964,5009,3.076572524971672,4.637330927729501,9.462966660011979,1.2642918701522552,4.637330927729501,MLB_OFFICIAL_FIP_USED_NOT_XFIP
131,131,1052,1165,502,189,11,148,1193,408,24,936,56,.217,4310,.292,.369,.661,20,77,.794,.206,66,18831,3.67,1160.2,80,51,37,56,86,19,473,1.16,4810,3482,131,1,11,12251,.650,56,6,30,4,1591,0.90,.611,16.22,130,2.92,9.25,3.16,7.26,3.89,1.15,0,16,20,LAD,2026,MLB_STATSAPI_OFFICIAL,3.67,1160.6666666666667,148,408,56,1193,4810,3.076572524971672,3.8778361665569676,16.320166320166322,1.147616312464101,3.8778361665569676,MLB_OFFICIAL_FIP_USED_NOT_XFIP
133,133,1179,1238,675,212,11,182,1023,470,12,1165,68,.257,4537,.332,.429,.761,28,95,.772,.228,102,20006,4.67,1180.0,62,71,33,66,67,33,612,1.39,5146,3540,133,0,5,12810,.640,68,2,47,11,1945,0.95,.466,16.95,133,2.18,7.80,3.58,8.89,5.15,1.39,3,21,47,WSH,2026,MLB_STATSAPI_OFFICIAL,4.67,1180.0,182,470,68,1023,5146,3.076572524971672,4.715555575819129,10.746210649047804,1.3881355932203392,4.715555575819129,MLB_OFFICIAL_FIP_USED_NOT_XFIP
131,131,1051,1179,586,217,19,145,1183,469,7,1046,66,.237,4410,.318,.394,.712,27,57,.679,.321,68,19486,4.07,1165.2,59,72,25,39,57,14,527,1.30,4995,3497,131,0,5,12474,.640,66,3,32,11,1736,0.89,.450,16.72,131,2.52,9.13,3.62,8.08,4.52,1.12,1,21,28,NYM,2026,MLB_STATSAPI_OFFICIAL,4.07,1165.6666666666667,145,469,66,1183,4995,3.076572524971672,4.040827600750911,14.294294294294293,1.1195310265942235,4.040827600750911,MLB_OFFICIAL_FIP_USED_NOT_XFIP
