PlayerID,Name,Team,ERA,xFIP,xFIP_Source,FIP,SIERA,K-BB%,K%,BB%,WHIP,GS,G,IP,ReliefApps,ReliefShare,Season,PitchHand
641816,Tyler Mahle,ATL,1.28,1.28,LEGACY_ERA_NOT_REAL_XFIP,,,,,,0.89,8,8,49.333333333333336,0,0.0,2026,R
519242,Chris Sale,ATL,2.18,2.18,LEGACY_ERA_NOT_REAL_XFIP,,,,,,0.99,26,26,157.0,0,0.0,2026,L
800311,Didier Fuentes,ATL,2.27,2.27,LEGACY_ERA_NOT_REAL_XFIP,,,,,,1.07,1,56,71.33333333333333,55,0.9821,2026,R
527048,Martín Pérez,ATL,3.07,3.07,LEGACY_ERA_NOT_REAL_XFIP,,,,,,1.26,25,29,137.66666666666666,4,0.1379,2026,L
656550,Grant Holmes,ATL,3.49,3.49,LEGACY_ERA_NOT_REAL_XFIP,,,,,,1.30,28,29,141.66666666666666,1,0.0345,2026,R
693821,Bryce Elder,ATL,4.11,4.11,LEGACY_ERA_NOT_REAL_XFIP,,,,,,1.27,26,26,149.0,0,0.0,2026,R
625643,Reynaldo López,ATL,4.54,4.54,LEGACY_ERA_NOT_REAL_XFIP,,,,,,1.44,13,26,79.33333333333333,13,0.5,2026,R
702566,Owen Murphy,ATL,5.0,5.0,LEGACY_ERA_NOT_REAL_XFIP,,,,,,1.56,1,4,9.0,3,0.75,2026,R
702275,JR Ritchie,ATL,5.03,5.03,LEGACY_ERA_NOT_REAL_XFIP,,,,,,1.47,9,15,62.666666666666664,6,0.4,2026,R
675911,Spencer Strider,ATL,5.31,5.31,LEGACY_ERA_NOT_REAL_XFIP,,,,,,1.36,8,8,39.0,0,0.0,2026,R
660761,José Suarez,ATL,6.61,6.61,LEGACY_ERA_NOT_REAL_XFIP,,,,,,2.08,1,8,16.333333333333332,7,0.875,2026,L
700363,AJ Smith-Shawver,ATL,6.92,6.92,LEGACY_ERA_NOT_REAL_XFIP,,,,,,1.73,5,6,26.0,1,0.1667,2026,R
664849,Danny Young,ATL,8.03,8.03,LEGACY_ERA_NOT_REAL_XFIP,,,,,,2.27,1,16,12.333333333333334,15,0.9375,2026,L
694462,Hurston Waldrep,ATL,8.44,8.44,LEGACY_ERA_NOT_REAL_XFIP,,,,,,2.16,2,3,10.666666666666666,1,0.3333,2026,R
571882,Derek Law,AZ,1.0,1.0,LEGACY_ERA_NOT_REAL_XFIP,,,,,,1.11,1,7,9.0,6,0.8571,2026,R
664199,Taylor Clarke,AZ,2.69,2.69,LEGACY_ERA_NOT_REAL_XFIP,,,,,,0.91,1,68,70.33333333333333,67,0.9853,2026,R
593958,Eduardo Rodriguez,AZ,2.89,2.89,LEGACY_ERA_NOT_REAL_XFIP,,,,,,1.23,31,31,183.66666666666666,0,0.0,2026,L
647336,Michael Soroka,AZ,3.45,3.45,LEGACY_ERA_NOT_REAL_XFIP,,,,,,1.13,19,20,104.33333333333333,1,0.05,2026,R
694297,Brandon Pfaadt,AZ,3.77,3.77,LEGACY_ERA_NOT_REAL_XFIP,,,,,,1.17,17,27,124.0,10,0.3704,2026,R
703615,Jose Cabrera,AZ,4.33,4.33,LEGACY_ERA_NOT_REAL_XFIP,,,,,,1.37,5,7,27.0,2,0.2857,2026,R
683352,Mitch Bratt,AZ,4.7,4.7,LEGACY_ERA_NOT_REAL_XFIP,,,,,,1.52,10,10,44.0,0,0.0,2026,L
669194,Ryne Nelson,AZ,4.89,4.89,LEGACY_ERA_NOT_REAL_XFIP,,,,,,1.25,15,16,84.66666666666667,1,0.0625,2026,R
518876,Merrill Kelly,AZ,5.0,5.0,LEGACY_ERA_NOT_REAL_XFIP,,,,,,1.47,28,28,156.66666666666666,0,0.0,2026,R
669203,Corbin Burnes,AZ,5.87,5.87,LEGACY_ERA_NOT_REAL_XFIP,,,,,,1.17,2,2,7.666666666666667,0,0.0,2026,R
668678,Zac Gallen,AZ,6.12,6.12,LEGACY_ERA_NOT_REAL_XFIP,,,,,,1.56,20,21,104.33333333333333,1,0.0476,2026,R
684442,Kohl Drake,AZ,6.53,6.53,LEGACY_ERA_NOT_REAL_XFIP,,,,,,1.50,5,5,20.666666666666668,0,0.0,2026,L
621107,Zach Eflin,BAL,2.45,2.45,LEGACY_ERA_NOT_REAL_XFIP,,,,,,1.64,1,1,3.6666666666666665,0,0.0,2026,R
687064,Brandon Young,BAL,3.65,3.65,LEGACY_ERA_NOT_REAL_XFIP,,,,,,1.37,26,26,145.66666666666666,0,0.0,2026,R
669358,Shane Baz,BAL,4.11,4.11,LEGACY_ERA_NOT_REAL_XFIP,,,,,,1.35,30,30,173.0,0,0.0,2026,R
680694,Kyle Bradish,BAL,4.12,4.12,LEGACY_ERA_NOT_REAL_XFIP,,,,,,1.46,29,29,155.0,0,0.0,2026,R
669432,Trevor Rogers,BAL,4.22,4.22,LEGACY_ERA_NOT_REAL_XFIP,,,,,,1.22,28,28,157.66666666666666,0,0.0,2026,L
700249,Cade Povich,BAL,4.38,4.38,LEGACY_ERA_NOT_REAL_XFIP,,,,,,1.49,7,8,37.0,1,0.125,2026,L
605135,Chris Bassitt,BAL,4.64,4.64,LEGACY_ERA_NOT_REAL_XFIP,,,,,,1.55,17,19,97.0,2,0.1053,2026,R
669211,Keegan Akin,BAL,5.68,5.68,LEGACY_ERA_NOT_REAL_XFIP,,,,,,1.50,2,24,25.333333333333332,22,0.9167,2026,L
665152,Dean Kremer,BAL,6.5,6.5,LEGACY_ERA_NOT_REAL_XFIP,,,,,,1.36,7,7,36.0,0,0.0,2026,R
694346,Trey Gibson,BAL,7.36,7.36,LEGACY_ERA_NOT_REAL_XFIP,,,,,,1.91,7,8,33.0,1,0.125,2026,R
687941,Alec Gamboa,BOS,1.21,1.21,LEGACY_ERA_NOT_REAL_XFIP,,,,,,1.04,2,19,29.666666666666668,17,0.8947,2026,L
701719,Tyler Samaniego,BOS,2.66,2.66,LEGACY_ERA_NOT_REAL_XFIP,,,,,,1.48,1,20,20.333333333333332,19,0.95,2026,L
543243,Sonny Gray,BOS,2.82,2.82,LEGACY_ERA_NOT_REAL_XFIP,,,,,,1.16,28,28,163.0,0,0.0,2026,R
801139,Payton Tolle,BOS,3.02,3.02,LEGACY_ERA_NOT_REAL_XFIP,,,,,,1.07,25,25,143.0,0,0.0,2026,L
663558,Jovani Morán,BOS,3.23,3.23,LEGACY_ERA_NOT_REAL_XFIP,,,,,,1.11,3,48,64.0,45,0.9375,2026,L
669062,Erik Miller,BOS,3.24,3.24,LEGACY_ERA_NOT_REAL_XFIP,,,,,,1.38,1,17,16.666666666666668,16,0.9412,2026,L
624133,Ranger Suarez,BOS,3.27,3.27,LEGACY_ERA_NOT_REAL_XFIP,,,,,,1.20,27,27,143.33333333333334,0,0.0,2026,L
813349,Connelly Early,BOS,3.44,3.44,LEGACY_ERA_NOT_REAL_XFIP,,,,,,1.25,17,17,91.66666666666667,0,0.0,2026,L
687562,Jake Bennett,BOS,3.78,3.78,LEGACY_ERA_NOT_REAL_XFIP,,,,,,1.10,19,19,109.66666666666667,0,0.0,2026,L
678394,Brayan Bello,BOS,4.74,4.74,LEGACY_ERA_NOT_REAL_XFIP,,,,,,1.43,9,24,104.33333333333333,15,0.625,2026,R
663776,Patrick Sandoval,BOS,4.99,4.99,LEGACY_ERA_NOT_REAL_XFIP,,,,,,1.79,12,12,57.666666666666664,0,0.0,2026,L
700842,Eduardo Rivera,BOS,6.3,6.3,LEGACY_ERA_NOT_REAL_XFIP,,,,,,1.40,3,4,10.0,1,0.25,2026,L
676979,Garrett Crochet,BOS,6.3,6.3,LEGACY_ERA_NOT_REAL_XFIP,,,,,,1.47,6,6,30.0,0,0.0,2026,L
699151,Jedixson Paez,BOS,19.64,19.64,LEGACY_ERA_NOT_REAL_XFIP,,,,,,3.27,1,1,3.6666666666666665,0,0.0,2026,R
676962,Ben Brown,CHC,1.85,1.85,LEGACY_ERA_NOT_REAL_XFIP,,,,,,0.94,8,20,68.0,12,0.6,2026,R
702303,Riley Martin,CHC,2.16,2.16,LEGACY_ERA_NOT_REAL_XFIP,,,,,,0.84,1,8,8.333333333333334,7,0.875,2026,L
690990,Cade Horton,CHC,2.45,2.45,LEGACY_ERA_NOT_REAL_XFIP,,,,,,0.82,2,2,7.333333333333333,0,0.0,2026,R
669020,Ryan Rolison,CHC,2.98,2.98,LEGACY_ERA_NOT_REAL_XFIP,,,,,,1.26,2,56,60.333333333333336,54,0.9643,2026,L
665871,Javier Assad,CHC,3.63,3.63,LEGACY_ERA_NOT_REAL_XFIP,,,,,,1.17,11,26,91.66666666666667,15,0.5769,2026,R
684007,Shota Imanaga,CHC,3.8,3.8,LEGACY_ERA_NOT_REAL_XFIP,,,,,,1.10,30,30,168.33333333333334,0,0.0,2026,L
656849,David Peterson,CHC,4.15,4.15,LEGACY_ERA_NOT_REAL_XFIP,,,,,,1.46,13,14,69.33333333333333,1,0.0714,2026,L
571510,Matthew Boyd,CHC,4.16,4.16,LEGACY_ERA_NOT_REAL_XFIP,,,,,,1.24,20,20,114.66666666666667,0,0.0,2026,L
605280,Clay Holmes,CHC,4.26,4.26,LEGACY_ERA_NOT_REAL_XFIP,,,,,,1.24,8,8,44.333333333333336,0,0.0,2026,R
607067,Colin Rea,CHC,4.47,4.47,LEGACY_ERA_NOT_REAL_XFIP,,,,,,1.36,19,31,133.0,12,0.3871,2026,R
592332,Kevin Gausman,CHC,5.04,5.04,LEGACY_ERA_NOT_REAL_XFIP,,,,,,1.23,8,8,44.666666666666664,0,0.0,2026,R
665795,Edward Cabrera,CHC,5.74,5.74,LEGACY_ERA_NOT_REAL_XFIP,,,,,,1.46,15,16,78.33333333333333,1,0.0625,2026,R
592791,Jameson Taillon,CHC,5.92,5.92,LEGACY_ERA_NOT_REAL_XFIP,,,,,,1.36,15,15,76.0,0,0.0,2026,R
696136,Jordan Wicks,CHC,10.45,10.45,LEGACY_ERA_NOT_REAL_XFIP,,,,,,1.94,2,4,10.333333333333334,2,0.5,2026,L
695505,Chase Burns,CIN,2.86,2.86,LEGACY_ERA_NOT_REAL_XFIP,,,,,,1.17,29,29,154.33333333333334,0,0.0,2026,R
592288,Kent Emanuel,CIN,3.6,3.6,LEGACY_ERA_NOT_REAL_XFIP,,,,,,1.60,1,1,5.0,0,0.0,2026,L
657571,Caleb Ferguson,CIN,4.01,4.01,LEGACY_ERA_NOT_REAL_XFIP,,,,,,1.50,1,26,24.666666666666668,25,0.9615,2026,L
671096,Andrew Abbott,CIN,4.7,4.7,LEGACY_ERA_NOT_REAL_XFIP,,,,,,1.47,31,31,159.0,0,0.0,2026,L
695534,Chase Petty,CIN,4.83,4.83,LEGACY_ERA_NOT_REAL_XFIP,,,,,,1.26,3,16,31.666666666666668,13,0.8125,2026,R
666157,Nick Lodolo,CIN,5.12,5.12,LEGACY_ERA_NOT_REAL_XFIP,,,,,,1.49,19,19,96.66666666666667,0,0.0,2026,L
682227,Brandon Williamson,CIN,5.56,5.56,LEGACY_ERA_NOT_REAL_XFIP,,,,,,1.53,7,10,43.666666666666664,3,0.3,2026,L
663903,Brady Singer,CIN,5.67,5.67,LEGACY_ERA_NOT_REAL_XFIP,,,,,,1.56,30,30,154.0,0,0.0,2026,R
695076,Rhett Lowder,CIN,5.79,5.79,LEGACY_ERA_NOT_REAL_XFIP,,,,,,1.52,24,27,124.33333333333333,3,0.1111,2026,R
663978,Chris Paddack,CIN,6.04,6.04,LEGACY_ERA_NOT_REAL_XFIP,,,,,,1.66,3,6,22.333333333333332,3,0.5,2026,R
668881,Hunter Greene,CIN,6.83,6.83,LEGACY_ERA_NOT_REAL_XFIP,,,,,,1.37,5,5,27.666666666666668,0,0.0,2026,R
680689,Lyon Richardson,CIN,27.0,27.0,LEGACY_ERA_NOT_REAL_XFIP,,,,,,2.40,1,2,1.6666666666666665,1,0.5,2026,R
800048,Parker Messick,CLE,2.57,2.57,LEGACY_ERA_NOT_REAL_XFIP,,,,,,1.04,30,30,178.33333333333334,0,0.0,2026,L
676282,Joey Cantillo,CLE,3.74,3.74,LEGACY_ERA_NOT_REAL_XFIP,,,,,,1.44,30,32,154.0,2,0.0625,2026,L
668909,Gavin Williams,CLE,3.78,3.78,LEGACY_ERA_NOT_REAL_XFIP,,,,,,1.10,30,30,174.0,0,0.0,2026,R
676440,Tanner Bibee,CLE,4.16,4.16,LEGACY_ERA_NOT_REAL_XFIP,,,,,,1.18,31,31,177.33333333333334,0,0.0,2026,R
682982,Daniel Espino,CLE,4.73,4.73,LEGACY_ERA_NOT_REAL_XFIP,,,,,,1.43,2,12,13.333333333333334,10,0.8333,2026,R
677944,Slade Cecconi,CLE,5.03,5.03,LEGACY_ERA_NOT_REAL_XFIP,,,,,,1.47,21,26,118.0,5,0.1923,2026,R
656492,Foster Griffin,CLE,5.79,5.79,LEGACY_ERA_NOT_REAL_XFIP,,,,,,1.61,8,8,37.333333333333336,0,0.0,2026,L
671106,Logan Allen,CLE,5.94,5.94,LEGACY_ERA_NOT_REAL_XFIP,,,,,,1.74,2,7,16.666666666666668,5,0.7143,2026,L
657514,Brennan Bernardino,COL,2.93,2.93,LEGACY_ERA_NOT_REAL_XFIP,,,,,,1.16,2,71,61.333333333333336,69,0.9718,2026,L
801403,Chase Dollander,COL,3.89,3.89,LEGACY_ERA_NOT_REAL_XFIP,,,,,,1.30,3,10,44.0,7,0.7,2026,R
690279,Mason Adams,COL,5.09,5.09,LEGACY_ERA_NOT_REAL_XFIP,,,,,,1.65,5,5,23.0,0,0.0,2026,R
500779,Jose Quintana,COL,5.27,5.27,LEGACY_ERA_NOT_REAL_XFIP,,,,,,1.51,9,9,41.0,0,0.0,2026,L
675848,Juan Mejia,COL,5.4,5.4,LEGACY_ERA_NOT_REAL_XFIP,,,,,,1.72,1,61,65.0,60,0.9836,2026,R
608372,Tomoyuki Sugano,COL,5.49,5.49,LEGACY_ERA_NOT_REAL_XFIP,,,,,,1.36,27,27,142.66666666666666,0,0.0,2026,R
663372,Ryan Feltner,COL,5.63,5.63,LEGACY_ERA_NOT_REAL_XFIP,,,,,,1.53,22,24,116.66666666666667,2,0.0833,2026,R
623474,Jimmy Herget,COL,5.76,5.76,LEGACY_ERA_NOT_REAL_XFIP,,,,,,1.52,3,49,50.0,46,0.9388,2026,R
688642,Zach Agnos,COL,6.0,6.0,LEGACY_ERA_NOT_REAL_XFIP,,,,,,1.53,3,40,87.0,37,0.925,2026,R
685299,Tanner Gordon,COL,6.01,6.01,LEGACY_ERA_NOT_REAL_XFIP,,,,,,1.55,11,23,100.33333333333333,12,0.5217,2026,R
687312,Gabriel Hughes,COL,6.33,6.33,LEGACY_ERA_NOT_REAL_XFIP,,,,,,1.44,13,14,64.0,1,0.0714,2026,R
607536,Kyle Freeland,COL,6.38,6.38,LEGACY_ERA_NOT_REAL_XFIP,,,,,,1.47,24,24,128.33333333333334,0,0.0,2026,L
547179,Michael Lorenzen,COL,7.08,7.08,LEGACY_ERA_NOT_REAL_XFIP,,,,,,1.88,25,26,115.66666666666667,1,0.0385,2026,R
807743,Sean Sullivan,COL,8.87,8.87,LEGACY_ERA_NOT_REAL_XFIP,,,,,,2.01,5,5,22.333333333333332,0,0.0,2026,L
671111,Sammy Peralta,COL,10.13,10.13,LEGACY_ERA_NOT_REAL_XFIP,,,,,,1.88,1,2,2.6666666666666665,1,0.5,2026,L
696146,Hagen Smith,CWS,1.09,1.09,LEGACY_ERA_NOT_REAL_XFIP,,,,,,0.89,1,15,24.666666666666668,14,0.9333,2026,L
691799,Grant Taylor,CWS,2.34,2.34,LEGACY_ERA_NOT_REAL_XFIP,,,,,,1.10,4,58,80.66666666666667,54,0.931,2026,R
663542,Bryan Hudson,CWS,3.03,3.03,LEGACY_ERA_NOT_REAL_XFIP,,,,,,1.21,8,67,65.33333333333333,59,0.8806,2026,L
656794,Sean Newcomb,CWS,3.24,3.24,LEGACY_ERA_NOT_REAL_XFIP,,,,,,1.21,6,57,86.0,51,0.8947,2026,L
680732,Sean Burke,CWS,3.47,3.47,LEGACY_ERA_NOT_REAL_XFIP,,,,,,1.20,25,30,161.0,5,0.1667,2026,R
607200,Erick Fedde,CWS,3.9,3.9,LEGACY_ERA_NOT_REAL_XFIP,,,,,,1.34,15,32,138.33333333333334,17,0.5312,2026,R
663436,Davis Martin,CWS,3.96,3.96,LEGACY_ERA_NOT_REAL_XFIP,,,,,,1.30,26,27,141.0,1,0.037,2026,R
663855,Jordan Hicks,CWS,4.11,4.11,LEGACY_ERA_NOT_REAL_XFIP,,,,,,1.59,2,51,46.0,49,0.9608,2026,R
664353,José Urquidy,CWS,4.37,4.37,LEGACY_ERA_NOT_REAL_XFIP,,,,,,1.19,1,6,22.666666666666668,5,0.8333,2026,R
641743,Anthony Kay,CWS,4.41,4.41,LEGACY_ERA_NOT_REAL_XFIP,,,,,,1.36,29,31,149.0,2,0.0645,2026,L
669684,Chris Murphy,CWS,4.81,4.81,LEGACY_ERA_NOT_REAL_XFIP,,,,,,1.43,3,33,33.666666666666664,30,0.9091,2026,L
702273,Noah Schultz,CWS,5.88,5.88,LEGACY_ERA_NOT_REAL_XFIP,,,,,,1.38,14,16,67.33333333333333,2,0.125,2026,L
685126,Brandon Eisert,CWS,5.93,5.93,LEGACY_ERA_NOT_REAL_XFIP,,,,,,1.24,4,25,27.333333333333332,21,0.84,2026,L
673929,Jordan Leasure,CWS,6.27,6.27,LEGACY_ERA_NOT_REAL_XFIP,,,,,,1.23,1,18,18.666666666666668,17,0.9444,2026,R
689818,David Sandlin,CWS,6.29,6.29,LEGACY_ERA_NOT_REAL_XFIP,,,,,,1.28,5,7,34.333333333333336,2,0.2857,2026,R
622491,Luis Castillo,CWS,7.76,7.76,LEGACY_ERA_NOT_REAL_XFIP,,,,,,1.79,6,7,29.0,1,0.1429,2026,R
681343,Shane Smith,CWS,10.8,10.8,LEGACY_ERA_NOT_REAL_XFIP,,,,,,2.52,3,3,8.333333333333334,0,0.0,2026,R
656457,Tyler Gilbert,CWS,12.0,12.0,LEGACY_ERA_NOT_REAL_XFIP,,,,,,2.67,1,5,6.0,4,0.8,2026,L
675512,Troy Melton,DET,2.52,2.52,LEGACY_ERA_NOT_REAL_XFIP,,,,,,1.10,19,19,110.66666666666667,0,0.0,2026,R
621097,Jacob Waguespack,DET,2.59,2.59,LEGACY_ERA_NOT_REAL_XFIP,,,,,,0.91,1,32,41.666666666666664,31,0.9688,2026,R
663554,Casey Mize,DET,2.7,2.7,LEGACY_ERA_NOT_REAL_XFIP,,,,,,0.99,16,16,86.66666666666667,0,0.0,2026,R
663947,Tyler Holton,DET,2.78,2.78,LEGACY_ERA_NOT_REAL_XFIP,,,,,,1.22,3,65,71.33333333333333,62,0.9538,2026,L
669373,Tarik Skubal,DET,2.79,2.79,LEGACY_ERA_NOT_REAL_XFIP,,,,,,0.91,16,16,96.66666666666667,0,0.0,2026,L
572143,Burch Smith,DET,3.18,3.18,LEGACY_ERA_NOT_REAL_XFIP,,,,,,1.47,1,13,17.0,12,0.9231,2026,R
680744,Ty Madden,DET,3.29,3.29,LEGACY_ERA_NOT_REAL_XFIP,,,,,,1.05,1,18,41.0,17,0.9444,2026,R
672456,Keider Montero,DET,3.58,3.58,LEGACY_ERA_NOT_REAL_XFIP,,,,,,1.05,25,31,151.0,6,0.1935,2026,R
623454,Drew Anderson,DET,3.62,3.62,LEGACY_ERA_NOT_REAL_XFIP,,,,,,1.29,10,48,102.0,38,0.7917,2026,R
695549,Jackson Jobe,DET,3.89,3.89,LEGACY_ERA_NOT_REAL_XFIP,,,,,,1.27,7,7,34.666666666666664,0,0.0,2026,R
664285,Framber Valdez,DET,4.06,4.06,LEGACY_ERA_NOT_REAL_XFIP,,,,,,1.36,30,30,168.66666666666666,0,0.0,2026,L
656427,Jack Flaherty,DET,4.59,4.59,LEGACY_ERA_NOT_REAL_XFIP,,,,,,1.41,19,19,86.33333333333333,0,0.0,2026,R
669724,Brenan Hanifee,DET,5.06,5.06,LEGACY_ERA_NOT_REAL_XFIP,,,,,,1.45,2,23,21.333333333333332,21,0.913,2026,R
808825,Andrew Sears,DET,5.19,5.19,LEGACY_ERA_NOT_REAL_XFIP,,,,,,1.56,3,5,17.333333333333332,2,0.4,2026,L
434378,Justin Verlander,DET,12.27,12.27,LEGACY_ERA_NOT_REAL_XFIP,,,,,,2.18,1,1,3.6666666666666665,0,0.0,2026,R
595345,Steven Okert,HOU,2.13,2.13,LEGACY_ERA_NOT_REAL_XFIP,,,,,,0.87,1,68,67.66666666666667,67,0.9853,2026,L
686613,Hunter Brown,HOU,3.43,3.43,LEGACY_ERA_NOT_REAL_XFIP,,,,,,1.29,18,18,97.0,0,0.0,2026,R
669713,Hayden Wesneski,HOU,3.7,3.7,LEGACY_ERA_NOT_REAL_XFIP,,,,,,1.13,9,9,48.666666666666664,0,0.0,2026,R
663567,Peter Lambert,HOU,3.7,3.7,LEGACY_ERA_NOT_REAL_XFIP,,,,,,1.23,27,27,151.0,0,0.0,2026,R
814490,Ethan Pecko,HOU,3.77,3.77,LEGACY_ERA_NOT_REAL_XFIP,,,,,,1.12,4,6,28.666666666666668,2,0.3333,2026,R
699044,Miguel Ullola,HOU,4.15,4.15,LEGACY_ERA_NOT_REAL_XFIP,,,,,,0.92,2,7,8.666666666666666,5,0.7143,2026,R
681293,Spencer Arrighetti,HOU,4.6,4.6,LEGACY_ERA_NOT_REAL_XFIP,,,,,,1.34,17,17,88.0,0,0.0,2026,R
678906,Kai-Wei Teng,HOU,4.76,4.76,LEGACY_ERA_NOT_REAL_XFIP,,,,,,1.38,10,30,73.66666666666667,20,0.6667,2026,R
687911,Bryan King,HOU,4.78,4.78,LEGACY_ERA_NOT_REAL_XFIP,,,,,,1.44,1,57,58.333333333333336,56,0.9825,2026,L
837227,Tatsuya Imai,HOU,5.13,5.13,LEGACY_ERA_NOT_REAL_XFIP,,,,,,1.48,15,21,73.66666666666667,6,0.2857,2026,R
664299,Cristian Javier,HOU,5.31,5.31,LEGACY_ERA_NOT_REAL_XFIP,,,,,,1.46,11,16,61.0,5,0.3125,2026,R
656986,Bennett Sousa,HOU,5.4,5.4,LEGACY_ERA_NOT_REAL_XFIP,,,,,,1.73,1,31,26.666666666666668,30,0.9677,2026,L
675989,Cody Bolton,HOU,5.4,5.4,LEGACY_ERA_NOT_REAL_XFIP,,,,,,1.75,3,8,20.0,5,0.625,2026,R
681347,Mike Burrows,HOU,5.99,5.99,LEGACY_ERA_NOT_REAL_XFIP,,,,,,1.55,17,18,94.66666666666667,1,0.0556,2026,R
621121,Lance McCullers Jr.,HOU,6.86,6.86,LEGACY_ERA_NOT_REAL_XFIP,,,,,,1.53,8,8,39.333333333333336,0,0.0,2026,R
669854,Ronel Blanco,HOU,7.11,7.11,LEGACY_ERA_NOT_REAL_XFIP,,,,,,1.42,5,7,31.666666666666668,2,0.2857,2026,R
680802,Ryan Weiss,HOU,7.62,7.62,LEGACY_ERA_NOT_REAL_XFIP,,,,,,2.12,2,9,26.0,7,0.7778,2026,R
669920,Jason Alexander,HOU,9.33,9.33,LEGACY_ERA_NOT_REAL_XFIP,,,,,,1.58,2,4,18.333333333333332,2,0.5,2026,R
676467,Colton Gordon,HOU,11.57,11.57,LEGACY_ERA_NOT_REAL_XFIP,,,,,,2.57,1,4,9.333333333333334,3,0.75,2026,L
677976,Randy Dobnak,KC,3.08,3.08,LEGACY_ERA_NOT_REAL_XFIP,,,,,,1.33,12,14,73.0,2,0.1429,2026,R
663738,Daniel Lynch IV,KC,3.29,3.29,LEGACY_ERA_NOT_REAL_XFIP,,,,,,1.07,8,54,76.66666666666667,46,0.8519,2026,L
608379,Michael Wacha,KC,3.34,3.34,LEGACY_ERA_NOT_REAL_XFIP,,,,,,1.10,30,30,188.66666666666666,0,0.0,2026,R
702070,Noah Cameron,KC,3.84,3.84,LEGACY_ERA_NOT_REAL_XFIP,,,,,,1.19,28,29,166.33333333333334,1,0.0345,2026,L
694360,Beck Way,KC,3.86,3.86,LEGACY_ERA_NOT_REAL_XFIP,,,,,,1.59,1,19,23.333333333333332,18,0.9474,2026,R
663460,Kris Bubic,KC,4.11,4.11,LEGACY_ERA_NOT_REAL_XFIP,,,,,,1.23,9,9,50.333333333333336,0,0.0,2026,L
674444,Steven Cruz,KC,4.13,4.13,LEGACY_ERA_NOT_REAL_XFIP,,,,,,1.25,2,54,56.666666666666664,52,0.963,2026,R
663568,Stephen Kolek,KC,4.5,4.5,LEGACY_ERA_NOT_REAL_XFIP,,,,,,1.24,10,10,54.0,0,0.0,2026,R
666142,Cole Ragans,KC,4.84,4.84,LEGACY_ERA_NOT_REAL_XFIP,,,,,,1.42,8,8,35.333333333333336,0,0.0,2026,L
607625,Seth Lugo,KC,5.06,5.06,LEGACY_ERA_NOT_REAL_XFIP,,,,,,1.46,31,31,169.0,0,0.0,2026,R
679883,Luinder Avila,KC,5.53,5.53,LEGACY_ERA_NOT_REAL_XFIP,,,,,,1.61,12,21,70.0,9,0.4286,2026,R
663559,Bailey Falter,KC,13.97,13.97,LEGACY_ERA_NOT_REAL_XFIP,,,,,,3.10,2,5,9.666666666666666,3,0.6,2026,L
687765,Mitch Spence,KC,21.21,21.21,LEGACY_ERA_NOT_REAL_XFIP,,,,,,3.00,1,3,9.333333333333334,2,0.6667,2026,R
700712,Walbert Ureña,LAA,2.74,2.74,LEGACY_ERA_NOT_REAL_XFIP,,,,,,1.21,26,28,144.33333333333334,2,0.0714,2026,R
667755,José Soriano,LAA,3.29,3.29,LEGACY_ERA_NOT_REAL_XFIP,,,,,,1.25,22,22,123.0,0,0.0,2026,R
672282,Reid Detmers,LAA,3.36,3.36,LEGACY_ERA_NOT_REAL_XFIP,,,,,,1.05,30,30,174.0,0,0.0,2026,L
691946,George Klassen,LAA,3.67,3.67,LEGACY_ERA_NOT_REAL_XFIP,,,,,,1.63,6,6,27.0,0,0.0,2026,R
608718,Brent Suter,LAA,4.12,4.12,LEGACY_ERA_NOT_REAL_XFIP,,,,,,1.26,3,41,63.333333333333336,38,0.9268,2026,L
696270,Ryan Johnson,LAA,4.88,4.88,LEGACY_ERA_NOT_REAL_XFIP,,,,,,1.34,17,20,90.33333333333333,3,0.15,2026,R
579328,Yusei Kikuchi,LAA,5.02,5.02,LEGACY_ERA_NOT_REAL_XFIP,,,,,,1.55,12,12,57.333333333333336,0,0.0,2026,L
691951,Sam Aldegheri,LAA,5.08,5.08,LEGACY_ERA_NOT_REAL_XFIP,,,,,,1.43,6,9,33.666666666666664,3,0.3333,2026,L
680570,Grayson Rodriguez,LAA,5.96,5.96,LEGACY_ERA_NOT_REAL_XFIP,,,,,,1.54,19,19,93.66666666666667,0,0.0,2026,R
686799,Jack Kochanowicz,LAA,6.19,6.19,LEGACY_ERA_NOT_REAL_XFIP,,,,,,1.58,13,13,64.0,0,0.0,2026,R
660271,Shohei Ohtani,LAD,1.79,1.79,LEGACY_ERA_NOT_REAL_XFIP,,,,,,0.95,14,14,85.66666666666667,0,0.0,2026,R
605483,Blake Snell,LAD,1.86,1.86,LEGACY_ERA_NOT_REAL_XFIP,,,,,,1.09,8,8,38.666666666666664,0,0.0,2026,L
808967,Yoshinobu Yamamoto,LAD,2.51,2.51,LEGACY_ERA_NOT_REAL_XFIP,,,,,,0.87,27,27,179.0,0,0.0,2026,R
669373,Tarik Skubal,LAD,2.52,2.52,LEGACY_ERA_NOT_REAL_XFIP,,,,,,1.04,8,8,50.0,0,0.0,2026,L
683618,Edgardo Henriquez,LAD,2.85,2.85,LEGACY_ERA_NOT_REAL_XFIP,,,,,,1.03,1,61,60.0,60,0.9836,2026,R
676263,Jack Dreyer,LAD,3.19,3.19,LEGACY_ERA_NOT_REAL_XFIP,,,,,,1.13,1,63,59.333333333333336,62,0.9841,2026,L
607192,Tyler Glasnow,LAD,3.46,3.46,LEGACY_ERA_NOT_REAL_XFIP,,,,,,0.96,12,12,67.66666666666667,0,0.0,2026,R
694361,Will Klein,LAD,3.67,3.67,LEGACY_ERA_NOT_REAL_XFIP,,,,,,1.56,3,36,41.666666666666664,33,0.9167,2026,R
680736,Justin Wrobleski,LAD,3.7,3.7,LEGACY_ERA_NOT_REAL_XFIP,,,,,,1.13,22,25,136.33333333333334,3,0.12,2026,L
669165,Kyle Hurt,LAD,4.33,4.33,LEGACY_ERA_NOT_REAL_XFIP,,,,,,1.37,1,43,43.666666666666664,42,0.9767,2026,R
641778,Eric Lauer,LAD,4.5,4.5,LEGACY_ERA_NOT_REAL_XFIP,,,,,,1.22,12,14,72.0,2,0.1429,2026,L
808963,Roki Sasaki,LAD,4.6,4.6,LEGACY_ERA_NOT_REAL_XFIP,,,,,,1.33,23,23,119.33333333333333,0,0.0,2026,R
686218,Emmet Sheehan,LAD,4.79,4.79,LEGACY_ERA_NOT_REAL_XFIP,,,,,,1.21,22,22,107.0,0,0.0,2026,R
676974,Max Meyer,MIA,2.68,2.68,LEGACY_ERA_NOT_REAL_XFIP,,,,,,1.14,20,20,111.0,0,0.0,2026,R
663969,Tyler Phillips,MIA,3.45,3.45,LEGACY_ERA_NOT_REAL_XFIP,,,,,,1.31,19,36,122.66666666666667,17,0.4722,2026,R
669199,Lake Bachar,MIA,3.84,3.84,LEGACY_ERA_NOT_REAL_XFIP,,,,,,1.09,4,38,58.666666666666664,34,0.8947,2026,R
645261,Sandy Alcantara,MIA,3.84,3.84,LEGACY_ERA_NOT_REAL_XFIP,,,,,,1.23,32,33,206.0,1,0.0303,2026,R
691587,Eury Pérez,MIA,3.99,3.99,LEGACY_ERA_NOT_REAL_XFIP,,,,,,1.24,27,27,144.33333333333334,0,0.0,2026,R
667463,John King,MIA,3.99,3.99,LEGACY_ERA_NOT_REAL_XFIP,,,,,,1.01,1,50,49.666666666666664,49,0.98,2026,L
687473,Ryan Gusto,MIA,4.14,4.14,LEGACY_ERA_NOT_REAL_XFIP,,,,,,1.44,17,22,82.66666666666667,5,0.2273,2026,R
676083,Janson Junk,MIA,4.5,4.5,LEGACY_ERA_NOT_REAL_XFIP,,,,,,1.34,23,24,114.0,1,0.0417,2026,R
806188,Cade Gibson,MIA,5.36,5.36,LEGACY_ERA_NOT_REAL_XFIP,,,,,,1.40,1,44,48.666666666666664,43,0.9773,2026,L
702281,Robby Snelling,MIA,5.4,5.4,LEGACY_ERA_NOT_REAL_XFIP,,,,,,1.80,1,1,5.0,0,0.0,2026,L
664126,Pete Fairbanks,MIA,6.31,6.31,LEGACY_ERA_NOT_REAL_XFIP,,,,,,1.35,1,46,41.333333333333336,45,0.9783,2026,R
663978,Chris Paddack,MIA,7.63,7.63,LEGACY_ERA_NOT_REAL_XFIP,,,,,,1.66,6,7,30.666666666666668,1,0.1429,2026,R
666129,Braxton Garrett,MIA,14.54,14.54,LEGACY_ERA_NOT_REAL_XFIP,,,,,,3.46,2,2,4.333333333333333,0,0.0,2026,L
694819,Jacob Misiorowski,MIL,1.89,1.89,LEGACY_ERA_NOT_REAL_XFIP,,,,,,0.81,28,28,166.33333333333334,0,0.0,2026,R
669084,DL Hall,MIL,2.09,2.09,LEGACY_ERA_NOT_REAL_XFIP,,,,,,1.09,1,44,56.0,43,0.9773,2026,L
701656,Logan Henderson,MIL,2.51,2.51,LEGACY_ERA_NOT_REAL_XFIP,,,,,,0.81,17,17,93.33333333333333,0,0.0,2026,R
605540,Brandon Woodruff,MIL,2.98,2.98,LEGACY_ERA_NOT_REAL_XFIP,,,,,,0.84,9,9,45.333333333333336,0,0.0,2026,R
694477,Chad Patrick,MIL,3.13,3.13,LEGACY_ERA_NOT_REAL_XFIP,,,,,,1.20,6,54,103.66666666666667,48,0.8889,2026,R
676879,Aaron Ashby,MIL,3.31,3.31,LEGACY_ERA_NOT_REAL_XFIP,,,,,,1.39,1,72,84.33333333333333,71,0.9861,2026,L
690986,Kyle Harrison,MIL,4.25,4.25,LEGACY_ERA_NOT_REAL_XFIP,,,,,,1.34,24,25,112.33333333333333,1,0.04,2026,L
675660,Shane Drohan,MIL,4.26,4.26,LEGACY_ERA_NOT_REAL_XFIP,,,,,,1.33,18,31,120.33333333333333,13,0.4194,2026,L
688107,Robert Gasser,MIL,4.3,4.3,LEGACY_ERA_NOT_REAL_XFIP,,,,,,1.27,18,19,96.33333333333333,1,0.0526,2026,L
689441,Coleman Crow,MIL,5.3,5.3,LEGACY_ERA_NOT_REAL_XFIP,,,,,,1.45,4,5,18.666666666666668,1,0.2,2026,R
669160,Dustin May,MIL,5.4,5.4,LEGACY_ERA_NOT_REAL_XFIP,,,,,,1.42,8,8,31.666666666666668,0,0.0,2026,R
687075,Brandon Sproat,MIL,5.57,5.57,LEGACY_ERA_NOT_REAL_XFIP,,,,,,1.44,19,22,97.0,3,0.1364,2026,R
623381,Thomas Pannone,MIL,6.0,6.0,LEGACY_ERA_NOT_REAL_XFIP,,,,,,1.67,1,1,3.0,0,0.0,2026,L
696070,Kendry Rojas,MIN,3.34,3.34,LEGACY_ERA_NOT_REAL_XFIP,,,,,,1.52,4,12,29.666666666666668,8,0.6667,2026,L
671737,Taj Bradley,MIN,3.81,3.81,LEGACY_ERA_NOT_REAL_XFIP,,,,,,1.23,30,30,172.33333333333334,0,0.0,2026,R
657746,Joe Ryan,MIN,3.84,3.84,LEGACY_ERA_NOT_REAL_XFIP,,,,,,1.16,25,25,133.66666666666666,0,0.0,2026,R
690953,Mick Abel,MIN,3.98,3.98,LEGACY_ERA_NOT_REAL_XFIP,,,,,,1.57,3,4,20.333333333333332,1,0.25,2026,R
641927,Bailey Ober,MIN,4.32,4.32,LEGACY_ERA_NOT_REAL_XFIP,,,,,,1.28,23,23,123.0,0,0.0,2026,R
665152,Dean Kremer,MIN,4.35,4.35,LEGACY_ERA_NOT_REAL_XFIP,,,,,,1.14,8,8,41.333333333333336,0,0.0,2026,R
702193,Andrew Morris,MIN,4.39,4.39,LEGACY_ERA_NOT_REAL_XFIP,,,,,,1.38,3,60,69.66666666666667,57,0.95,2026,R
702474,Mike Paredes,MIN,4.72,4.72,LEGACY_ERA_NOT_REAL_XFIP,,,,,,1.43,5,9,34.333333333333336,4,0.4444,2026,R
805673,Zebby Matthews,MIN,4.74,4.74,LEGACY_ERA_NOT_REAL_XFIP,,,,,,1.24,22,22,125.33333333333333,0,0.0,2026,R
687570,Connor Prielipp,MIN,4.94,4.94,LEGACY_ERA_NOT_REAL_XFIP,,,,,,1.30,21,23,120.33333333333333,2,0.087,2026,L
680573,Simeon Woods Richardson,MIN,7.74,7.74,LEGACY_ERA_NOT_REAL_XFIP,,,,,,1.89,10,12,47.666666666666664,2,0.1667,2026,R
605280,Clay Holmes,NYM,2.39,2.39,LEGACY_ERA_NOT_REAL_XFIP,,,,,,1.10,9,9,52.666666666666664,0,0.0,2026,R
623211,Huascar Brazobán,NYM,2.56,2.56,LEGACY_ERA_NOT_REAL_XFIP,,,,,,1.01,6,46,52.666666666666664,40,0.8696,2026,R
690997,Nolan McLean,NYM,3.18,3.18,LEGACY_ERA_NOT_REAL_XFIP,,,,,,1.19,30,30,172.66666666666666,0,0.0,2026,R
804267,Zac Thornton,NYM,3.4,3.4,LEGACY_ERA_NOT_REAL_XFIP,,,,,,1.15,14,14,79.33333333333333,0,0.0,2026,L
804636,Jonah Tong,NYM,3.43,3.43,LEGACY_ERA_NOT_REAL_XFIP,,,,,,1.19,2,5,21.0,3,0.6,2026,R
681035,Christian Scott,NYM,3.76,3.76,LEGACY_ERA_NOT_REAL_XFIP,,,,,,1.26,22,22,105.33333333333333,0,0.0,2026,R
672335,Cionel Pérez,NYM,4.21,4.21,LEGACY_ERA_NOT_REAL_XFIP,,,,,,1.29,2,20,25.666666666666668,18,0.9,2026,L
681810,Austin Warren,NYM,4.27,4.27,LEGACY_ERA_NOT_REAL_XFIP,,,,,,1.40,2,38,46.333333333333336,36,0.9474,2026,R
663795,Justin Hagenman,NYM,4.5,4.5,LEGACY_ERA_NOT_REAL_XFIP,,,,,,1.00,1,2,4.0,1,0.5,2026,R
640455,Sean Manaea,NYM,4.74,4.74,LEGACY_ERA_NOT_REAL_XFIP,,,,,,1.32,17,31,138.66666666666666,14,0.4516,2026,L
642547,Freddy Peralta,NYM,4.99,4.99,LEGACY_ERA_NOT_REAL_XFIP,,,,,,1.48,22,22,113.66666666666667,0,0.0,2026,R
675540,Xzavion Curry,NYM,5.48,5.48,LEGACY_ERA_NOT_REAL_XFIP,,,,,,1.45,1,9,21.333333333333332,8,0.8889,2026,R
668964,Tobias Myers,NYM,5.75,5.75,LEGACY_ERA_NOT_REAL_XFIP,,,,,,1.37,3,30,51.666666666666664,27,0.9,2026,R
476594,Robert Stock,NYM,5.93,5.93,LEGACY_ERA_NOT_REAL_XFIP,,,,,,1.75,7,8,30.333333333333332,1,0.125,2026,R
656849,David Peterson,NYM,6.09,6.09,LEGACY_ERA_NOT_REAL_XFIP,,,,,,1.65,8,16,68.0,8,0.5,2026,L
673540,Kodai Senga,NYM,7.05,7.05,LEGACY_ERA_NOT_REAL_XFIP,,,,,,1.60,8,29,60.0,21,0.7241,2026,R
621112,Paul Blackburn,NYY,1.65,1.65,LEGACY_ERA_NOT_REAL_XFIP,,,,,,1.07,2,59,81.66666666666667,57,0.9661,2026,R
693645,Cam Schlittler,NYY,1.95,1.95,LEGACY_ERA_NOT_REAL_XFIP,,,,,,0.90,31,31,184.66666666666666,0,0.0,2026,R
608331,Max Fried,NYY,2.63,2.63,LEGACY_ERA_NOT_REAL_XFIP,,,,,,0.98,19,19,106.0,0,0.0,2026,L
607074,Carlos Rodón,NYY,2.95,2.95,LEGACY_ERA_NOT_REAL_XFIP,,,,,,1.13,15,15,76.33333333333333,0,0.0,2026,L
677960,Ryan Weathers,NYY,3.6,3.6,LEGACY_ERA_NOT_REAL_XFIP,,,,,,1.22,25,25,137.33333333333334,0,0.0,2026,L
642232,Ryan Yarbrough,NYY,3.6,3.6,LEGACY_ERA_NOT_REAL_XFIP,,,,,,1.17,1,36,60.0,35,0.9722,2026,L
543037,Gerrit Cole,NYY,3.63,3.63,LEGACY_ERA_NOT_REAL_XFIP,,,,,,1.10,21,21,121.33333333333333,0,0.0,2026,R
701542,Will Warren,NYY,3.89,3.89,LEGACY_ERA_NOT_REAL_XFIP,,,,,,1.36,28,30,148.0,2,0.0667,2026,R
661563,Luis Gil,NYY,5.18,5.18,LEGACY_ERA_NOT_REAL_XFIP,,,,,,1.44,4,7,24.333333333333332,3,0.4286,2026,R
695684,Elmer Rodríguez,NYY,5.4,5.4,LEGACY_ERA_NOT_REAL_XFIP,,,,,,1.58,6,6,26.666666666666668,0,0.0,2026,R
694341,Brendan Beck,NYY,8.22,8.22,LEGACY_ERA_NOT_REAL_XFIP,,,,,,1.57,1,3,7.666666666666667,2,0.6667,2026,R
665622,Luis Medina,OAK,3.25,3.25,LEGACY_ERA_NOT_REAL_XFIP,,,,,,1.38,1,56,69.33333333333333,55,0.9821,2026,R
669372,J.T. Ginn,OAK,3.71,3.71,LEGACY_ERA_NOT_REAL_XFIP,,,,,,1.24,24,27,138.33333333333334,3,0.1111,2026,R
622663,Luis Severino,OAK,4.16,4.16,LEGACY_ERA_NOT_REAL_XFIP,,,,,,1.47,12,12,62.666666666666664,0,0.0,2026,R
669620,Brady Basso,OAK,4.5,4.5,LEGACY_ERA_NOT_REAL_XFIP,,,,,,1.48,6,24,40.0,18,0.75,2026,L
682052,Jacob Lopez,OAK,5.02,5.02,LEGACY_ERA_NOT_REAL_XFIP,,,,,,1.48,22,25,114.66666666666667,3,0.12,2026,L
650644,Aaron Civale,OAK,5.42,5.42,LEGACY_ERA_NOT_REAL_XFIP,,,,,,1.62,15,16,74.66666666666667,1,0.0625,2026,R
695611,Gage Jump,OAK,5.47,5.47,LEGACY_ERA_NOT_REAL_XFIP,,,,,,1.52,20,20,98.66666666666667,0,0.0,2026,L
660761,José Suarez,OAK,5.65,5.65,LEGACY_ERA_NOT_REAL_XFIP,,,,,,1.42,1,36,43.0,35,0.9722,2026,L
678022,Jack Perkins,OAK,6.14,6.14,LEGACY_ERA_NOT_REAL_XFIP,,,,,,1.48,15,35,110.0,20,0.5714,2026,R
605488,Jeffrey Springs,OAK,6.18,6.18,LEGACY_ERA_NOT_REAL_XFIP,,,,,,1.47,28,28,138.33333333333334,0,0.0,2026,L
686930,Mason Barnett,OAK,7.16,7.16,LEGACY_ERA_NOT_REAL_XFIP,,,,,,1.75,5,19,44.0,14,0.7368,2026,R
695034,Kade Morris,OAK,10.9,10.9,LEGACY_ERA_NOT_REAL_XFIP,,,,,,2.13,2,6,17.333333333333332,4,0.6667,2026,R
683155,Joey Estes,OAK,11.05,11.05,LEGACY_ERA_NOT_REAL_XFIP,,,,,,1.91,1,2,7.333333333333333,1,0.5,2026,R
806960,Luis Morales,OAK,13.5,13.5,LEGACY_ERA_NOT_REAL_XFIP,,,,,,2.56,2,5,16.0,3,0.6,2026,R
666200,Jesús Luzardo,PHI,2.87,2.87,LEGACY_ERA_NOT_REAL_XFIP,,,,,,1.08,29,29,178.66666666666666,0,0.0,2026,L
650911,Cristopher Sánchez,PHI,2.93,2.93,LEGACY_ERA_NOT_REAL_XFIP,,,,,,1.22,31,31,193.66666666666666,0,0.0,2026,L
554430,Zack Wheeler,PHI,2.99,2.99,LEGACY_ERA_NOT_REAL_XFIP,,,,,,1.06,26,26,150.33333333333334,0,0.0,2026,R
641835,Tim Mayza,PHI,3.46,3.46,LEGACY_ERA_NOT_REAL_XFIP,,,,,,1.11,6,57,65.0,51,0.8947,2026,L
647315,Zach Pop,PHI,3.68,3.68,LEGACY_ERA_NOT_REAL_XFIP,,,,,,1.09,1,7,7.333333333333333,6,0.8571,2026,R
605400,Aaron Nola,PHI,4.49,4.49,LEGACY_ERA_NOT_REAL_XFIP,,,,,,1.35,31,31,168.33333333333334,0,0.0,2026,R
679775,Kyle Backhus,PHI,4.95,4.95,LEGACY_ERA_NOT_REAL_XFIP,,,,,,1.55,1,21,20.0,20,0.9524,2026,L
691725,Andrew Painter,PHI,5.54,5.54,LEGACY_ERA_NOT_REAL_XFIP,,,,,,1.44,21,23,115.33333333333333,2,0.087,2026,R
660604,Alan Rangel,PHI,5.88,5.88,LEGACY_ERA_NOT_REAL_XFIP,,,,,,1.69,3,7,26.0,4,0.5714,2026,R
621383,Tanner Banks,PHI,6.82,6.82,LEGACY_ERA_NOT_REAL_XFIP,,,,,,1.94,1,30,33.0,29,0.9667,2026,L
592836,Taijuan Walker,PHI,9.13,9.13,LEGACY_ERA_NOT_REAL_XFIP,,,,,,2.07,4,5,22.666666666666668,1,0.2,2026,R
682254,Mason Montgomery,PIT,2.67,2.67,LEGACY_ERA_NOT_REAL_XFIP,,,,,,1.03,5,65,64.0,60,0.9231,2026,L
669199,Lake Bachar,PIT,2.78,2.78,LEGACY_ERA_NOT_REAL_XFIP,,,,,,1.24,6,11,22.666666666666668,5,0.4545,2026,R
670990,Yohan Ramírez,PIT,3.0,3.0,LEGACY_ERA_NOT_REAL_XFIP,,,,,,1.21,1,63,81.0,62,0.9841,2026,R
677952,Braxton Ashcraft,PIT,3.65,3.65,LEGACY_ERA_NOT_REAL_XFIP,,,,,,1.09,28,28,165.33333333333334,0,0.0,2026,R
669387,Carmen Mlodzinski,PIT,3.9,3.9,LEGACY_ERA_NOT_REAL_XFIP,,,,,,1.38,12,35,117.66666666666667,23,0.6571,2026,R
694973,Paul Skenes,PIT,3.91,3.91,LEGACY_ERA_NOT_REAL_XFIP,,,,,,1.13,31,31,168.0,0,0.0,2026,R
683003,Jared Jones,PIT,4.17,4.17,LEGACY_ERA_NOT_REAL_XFIP,,,,,,1.19,19,19,90.66666666666667,0,0.0,2026,R
696149,Bubba Chandler,PIT,4.28,4.28,LEGACY_ERA_NOT_REAL_XFIP,,,,,,1.35,28,29,147.33333333333334,1,0.0345,2026,R
696062,Wilber Dotel,PIT,4.82,4.82,LEGACY_ERA_NOT_REAL_XFIP,,,,,,1.39,2,20,37.333333333333336,18,0.9,2026,R
656605,Mitch Keller,PIT,5.29,5.29,LEGACY_ERA_NOT_REAL_XFIP,,,,,,1.37,22,22,115.66666666666667,0,0.0,2026,R
699134,Bradgley Rodriguez,SD,2.38,2.38,LEGACY_ERA_NOT_REAL_XFIP,,,,,,1.09,4,64,68.0,60,0.9375,2026,R
650633,Michael King,SD,3.03,3.03,LEGACY_ERA_NOT_REAL_XFIP,,,,,,1.16,31,31,181.0,0,0.0,2026,R
601713,Nick Pivetta,SD,3.3,3.3,LEGACY_ERA_NOT_REAL_XFIP,,,,,,1.00,7,7,30.0,0,0.0,2026,R
593974,Wandy Peralta,SD,3.68,3.68,LEGACY_ERA_NOT_REAL_XFIP,,,,,,1.36,5,63,73.33333333333333,58,0.9206,2026,L
681190,Randy Vásquez,SD,4.07,4.07,LEGACY_ERA_NOT_REAL_XFIP,,,,,,1.30,22,30,132.66666666666666,8,0.2667,2026,R
621111,Walker Buehler,SD,4.58,4.58,LEGACY_ERA_NOT_REAL_XFIP,,,,,,1.37,30,30,143.33333333333334,0,0.0,2026,R
606996,Kyle Hart,SD,4.6,4.6,LEGACY_ERA_NOT_REAL_XFIP,,,,,,1.15,4,44,62.666666666666664,40,0.9091,2026,L
676664,JP Sears,SD,4.68,4.68,LEGACY_ERA_NOT_REAL_XFIP,,,,,,1.35,6,8,32.666666666666664,2,0.25,2026,L
608337,Lucas Giolito,SD,5.16,5.16,LEGACY_ERA_NOT_REAL_XFIP,,,,,,1.85,5,7,29.666666666666668,2,0.2857,2026,R
592662,Robbie Ray,SD,5.22,5.22,LEGACY_ERA_NOT_REAL_XFIP,,,,,,1.46,8,8,39.666666666666664,0,0.0,2026,L
608566,Germán Márquez,SD,5.26,5.26,LEGACY_ERA_NOT_REAL_XFIP,,,,,,1.49,10,13,53.0,3,0.2308,2026,R
656288,Griffin Canning,SD,5.59,5.59,LEGACY_ERA_NOT_REAL_XFIP,,,,,,1.51,11,28,83.66666666666667,17,0.6071,2026,R
663554,Casey Mize,SD,5.97,5.97,LEGACY_ERA_NOT_REAL_XFIP,,,,,,1.49,8,8,37.666666666666664,0,0.0,2026,R
663362,Matt Waldron,SD,7.16,7.16,LEGACY_ERA_NOT_REAL_XFIP,,,,,,1.56,3,10,32.666666666666664,7,0.7,2026,R
676106,Emerson Hancock,SEA,3.57,3.57,LEGACY_ERA_NOT_REAL_XFIP,,,,,,1.14,25,25,138.66666666666666,0,0.0,2026,R
669302,Logan Gilbert,SEA,3.69,3.69,LEGACY_ERA_NOT_REAL_XFIP,,,,,,1.06,30,30,178.0,0,0.0,2026,R
693433,Bryan Woo,SEA,3.92,3.92,LEGACY_ERA_NOT_REAL_XFIP,,,,,,1.08,29,29,167.66666666666666,0,0.0,2026,R
682243,Bryce Miller,SEA,4.19,4.19,LEGACY_ERA_NOT_REAL_XFIP,,,,,,1.16,19,20,107.33333333333333,1,0.05,2026,R
669923,George Kirby,SEA,4.24,4.24,LEGACY_ERA_NOT_REAL_XFIP,,,,,,1.39,29,29,169.66666666666666,0,0.0,2026,R
622491,Luis Castillo,SEA,5.06,5.06,LEGACY_ERA_NOT_REAL_XFIP,,,,,,1.39,17,20,99.66666666666667,3,0.15,2026,R
807739,Kade Anderson,SEA,5.33,5.33,LEGACY_ERA_NOT_REAL_XFIP,,,,,,1.42,5,5,25.333333333333332,0,0.0,2026,L
805074,Yunior Marte,SF,2.45,2.45,LEGACY_ERA_NOT_REAL_XFIP,,,,,,1.09,1,3,14.666666666666666,2,0.6667,2026,R
592662,Robbie Ray,SF,3.08,3.08,LEGACY_ERA_NOT_REAL_XFIP,,,,,,1.29,21,22,122.66666666666667,1,0.0455,2026,L
664141,JT Brubaker,SF,3.58,3.58,LEGACY_ERA_NOT_REAL_XFIP,,,,,,1.24,1,41,60.333333333333336,40,0.9756,2026,R
702885,Cesar Perdomo,SF,3.72,3.72,LEGACY_ERA_NOT_REAL_XFIP,,,,,,1.50,3,4,19.333333333333332,1,0.25,2026,L
683627,Anthony Molina,SF,3.91,3.91,LEGACY_ERA_NOT_REAL_XFIP,,,,,,1.04,4,5,23.0,1,0.2,2026,R
694738,Landen Roupp,SF,4.01,4.01,LEGACY_ERA_NOT_REAL_XFIP,,,,,,1.30,29,29,155.0,0,0.0,2026,R
605288,Adrian Houser,SF,4.02,4.02,LEGACY_ERA_NOT_REAL_XFIP,,,,,,1.30,16,26,109.66666666666667,10,0.3846,2026,R
657277,Logan Webb,SF,4.31,4.31,LEGACY_ERA_NOT_REAL_XFIP,,,,,,1.17,27,27,160.66666666666666,0,0.0,2026,R
694918,Blade Tidwell,SF,4.56,4.56,LEGACY_ERA_NOT_REAL_XFIP,,,,,,1.20,8,16,53.333333333333336,8,0.5,2026,R
683363,Matt Wilkinson,SF,4.58,4.58,LEGACY_ERA_NOT_REAL_XFIP,,,,,,1.12,4,6,19.666666666666668,2,0.3333,2026,L
686790,Trevor McDonald,SF,5.12,5.12,LEGACY_ERA_NOT_REAL_XFIP,,,,,,1.31,14,14,70.33333333333333,0,0.0,2026,R
641816,Tyler Mahle,SF,5.13,5.13,LEGACY_ERA_NOT_REAL_XFIP,,,,,,1.39,18,18,94.66666666666667,0,0.0,2026,R
687931,Carson Whisenhunt,SF,6.49,6.49,LEGACY_ERA_NOT_REAL_XFIP,,,,,,1.79,8,8,34.666666666666664,0,0.0,2026,L
700669,Gordon Graceffo,STL,2.56,2.56,LEGACY_ERA_NOT_REAL_XFIP,,,,,,1.05,1,59,77.33333333333333,58,0.9831,2026,R
687273,Quinn Mathews,STL,3.62,3.62,LEGACY_ERA_NOT_REAL_XFIP,,,,,,1.39,7,7,37.333333333333336,0,0.0,2026,L
681517,Kyle Leahy,STL,3.65,3.65,LEGACY_ERA_NOT_REAL_XFIP,,,,,,1.34,29,29,138.0,0,0.0,2026,R
690928,Hunter Dobbins,STL,3.67,3.67,LEGACY_ERA_NOT_REAL_XFIP,,,,,,1.35,8,11,54.0,3,0.2727,2026,R
669467,Andre Pallante,STL,3.7,3.7,LEGACY_ERA_NOT_REAL_XFIP,,,,,,1.26,27,27,151.0,0,0.0,2026,R
700241,Michael McGreevy,STL,3.83,3.83,LEGACY_ERA_NOT_REAL_XFIP,,,,,,1.24,29,29,160.0,0,0.0,2026,R
669160,Dustin May,STL,4.38,4.38,LEGACY_ERA_NOT_REAL_XFIP,,,,,,1.28,21,21,109.0,0,0.0,2026,R
669461,Matthew Liberatore,STL,5.36,5.36,LEGACY_ERA_NOT_REAL_XFIP,,,,,,1.49,30,30,149.33333333333334,0,0.0,2026,L
694335,Matt Svanson,STL,7.27,7.27,LEGACY_ERA_NOT_REAL_XFIP,,,,,,1.75,1,41,43.333333333333336,40,0.9756,2026,R
802408,Brycen Mautz,STL,7.94,7.94,LEGACY_ERA_NOT_REAL_XFIP,,,,,,2.21,1,5,11.333333333333334,4,0.8,2026,L
656876,Drew Rasmussen,TB,2.72,2.72,LEGACY_ERA_NOT_REAL_XFIP,,,,,,0.93,29,29,165.33333333333334,0,0.0,2026,R
607259,Nick Martinez,TB,2.94,2.94,LEGACY_ERA_NOT_REAL_XFIP,,,,,,1.07,29,29,171.33333333333334,0,0.0,2026,R
663556,Shane McClanahan,TB,3.36,3.36,LEGACY_ERA_NOT_REAL_XFIP,,,,,,1.12,24,24,118.0,0,0.0,2026,L
668984,Casey Legumina,TB,3.75,3.75,LEGACY_ERA_NOT_REAL_XFIP,,,,,,1.25,6,45,57.666666666666664,39,0.8667,2026,R
643377,Griffin Jax,TB,3.8,3.8,LEGACY_ERA_NOT_REAL_XFIP,,,,,,1.20,21,32,104.33333333333333,11,0.3438,2026,R
642547,Freddy Peralta,TB,3.86,3.86,LEGACY_ERA_NOT_REAL_XFIP,,,,,,0.97,8,8,44.333333333333336,0,0.0,2026,R
669947,Jesse Scholtens,TB,4.03,4.03,LEGACY_ERA_NOT_REAL_XFIP,,,,,,1.34,2,11,44.666666666666664,9,0.8182,2026,R
693855,Ian Seymour,TB,4.38,4.38,LEGACY_ERA_NOT_REAL_XFIP,,,,,,1.17,15,45,127.33333333333333,30,0.6667,2026,L
669438,Mason Englert,TB,4.54,4.54,LEGACY_ERA_NOT_REAL_XFIP,,,,,,1.43,3,14,35.666666666666664,11,0.7857,2026,R
642121,Cole Sulser,TB,4.56,4.56,LEGACY_ERA_NOT_REAL_XFIP,,,,,,1.25,2,46,51.333333333333336,44,0.9565,2026,R
671212,Joe Boyle,TB,5.21,5.21,LEGACY_ERA_NOT_REAL_XFIP,,,,,,1.16,3,4,19.0,1,0.25,2026,R
571927,Steven Matz,TB,5.57,5.57,LEGACY_ERA_NOT_REAL_XFIP,,,,,,1.24,11,32,76.0,21,0.6562,2026,L
656641,Jacob Latz,TEX,2.11,2.11,LEGACY_ERA_NOT_REAL_XFIP,,,,,,0.82,1,55,68.33333333333333,54,0.9818,2026,L
592866,Trevor Williams,TEX,2.89,2.89,LEGACY_ERA_NOT_REAL_XFIP,,,,,,1.07,1,5,9.333333333333334,4,0.8,2026,R
615698,Cal Quantrill,TEX,2.9,2.9,LEGACY_ERA_NOT_REAL_XFIP,,,,,,1.05,14,31,108.66666666666667,17,0.5484,2026,R
641302,Tyler Alexander,TEX,3.29,3.29,LEGACY_ERA_NOT_REAL_XFIP,,,,,,1.26,5,70,68.33333333333333,65,0.9286,2026,L
596001,Jakob Junis,TEX,3.66,3.66,LEGACY_ERA_NOT_REAL_XFIP,,,,,,1.22,1,50,51.666666666666664,49,0.98,2026,R
594798,Jacob deGrom,TEX,3.79,3.79,LEGACY_ERA_NOT_REAL_XFIP,,,,,,1.07,29,29,154.33333333333334,0,0.0,2026,R
543135,Nathan Eovaldi,TEX,4.07,4.07,LEGACY_ERA_NOT_REAL_XFIP,,,,,,1.18,22,24,139.33333333333334,2,0.0833,2026,R
674003,Cody Bradford,TEX,4.19,4.19,LEGACY_ERA_NOT_REAL_XFIP,,,,,,1.50,7,8,38.666666666666664,1,0.125,2026,L
677958,Kumar Rocker,TEX,4.47,4.47,LEGACY_ERA_NOT_REAL_XFIP,,,,,,1.42,26,29,143.0,3,0.1034,2026,R
669022,MacKenzie Gore,TEX,4.67,4.67,LEGACY_ERA_NOT_REAL_XFIP,,,,,,1.35,32,32,165.66666666666666,0,0.0,2026,L
683004,Jack Leiter,TEX,5.29,5.29,LEGACY_ERA_NOT_REAL_XFIP,,,,,,1.44,15,15,80.0,0,0.0,2026,R
668390,Cole Winn,TEX,5.63,5.63,LEGACY_ERA_NOT_REAL_XFIP,,,,,,1.46,1,51,48.0,50,0.9804,2026,R
656302,Dylan Cease,TOR,2.4,2.4,LEGACY_ERA_NOT_REAL_XFIP,,,,,,1.10,29,29,169.0,0,0.0,2026,R
693686,Spencer Miles,TOR,2.65,2.65,LEGACY_ERA_NOT_REAL_XFIP,,,,,,1.09,7,47,91.66666666666667,40,0.8511,2026,R
680755,Braydon Fisher,TOR,3.25,3.25,LEGACY_ERA_NOT_REAL_XFIP,,,,,,1.26,10,74,74.66666666666667,64,0.8649,2026,R
689254,Mason Fluharty,TOR,3.3,3.3,LEGACY_ERA_NOT_REAL_XFIP,,,,,,1.25,4,79,60.0,75,0.9494,2026,L
592791,Jameson Taillon,TOR,3.6,3.6,LEGACY_ERA_NOT_REAL_XFIP,,,,,,1.40,3,3,10.0,0,0.0,2026,R
702056,Trey Yesavage,TOR,3.65,3.65,LEGACY_ERA_NOT_REAL_XFIP,,,,,,1.14,18,18,93.66666666666667,0,0.0,2026,R
664074,Cody Ponce,TOR,3.86,3.86,LEGACY_ERA_NOT_REAL_XFIP,,,,,,0.86,1,1,2.3333333333333335,0,0.0,2026,R
667755,José Soriano,TOR,4.27,4.27,LEGACY_ERA_NOT_REAL_XFIP,,,,,,1.32,8,8,46.333333333333336,0,0.0,2026,R
669456,Shane Bieber,TOR,4.37,4.37,LEGACY_ERA_NOT_REAL_XFIP,,,,,,1.42,11,11,55.666666666666664,0,0.0,2026,R
592332,Kevin Gausman,TOR,4.38,4.38,LEGACY_ERA_NOT_REAL_XFIP,,,,,,1.29,23,23,127.33333333333333,0,0.0,2026,R
671936,Adam Macko,TOR,4.91,4.91,LEGACY_ERA_NOT_REAL_XFIP,,,,,,1.55,1,22,22.0,21,0.9545,2026,L
571578,Patrick Corbin,TOR,5.51,5.51,LEGACY_ERA_NOT_REAL_XFIP,,,,,,1.54,15,19,80.0,4,0.2105,2026,L
453286,Max Scherzer,TOR,6.07,6.07,LEGACY_ERA_NOT_REAL_XFIP,,,,,,1.36,16,16,72.66666666666667,0,0.0,2026,R
681293,Spencer Arrighetti,TOR,6.2,6.2,LEGACY_ERA_NOT_REAL_XFIP,,,,,,1.52,2,6,20.333333333333332,4,0.6667,2026,R
641778,Eric Lauer,TOR,6.69,6.69,LEGACY_ERA_NOT_REAL_XFIP,,,,,,1.49,6,8,36.333333333333336,2,0.25,2026,L
663362,Matt Waldron,WSH,0.0,0.0,LEGACY_ERA_NOT_REAL_XFIP,,,,,,1.41,1,3,5.666666666666667,2,0.6667,2026,R
678868,Eddy Yean,WSH,2.45,2.45,LEGACY_ERA_NOT_REAL_XFIP,,,,,,0.91,1,8,11.0,7,0.875,2026,R
676571,PJ Poulin,WSH,2.7,2.7,LEGACY_ERA_NOT_REAL_XFIP,,,,,,1.31,11,35,36.666666666666664,24,0.6857,2026,L
676917,Cade Cavalli,WSH,3.02,3.02,LEGACY_ERA_NOT_REAL_XFIP,,,,,,1.16,32,32,169.66666666666666,0,0.0,2026,R
656492,Foster Griffin,WSH,3.06,3.06,LEGACY_ERA_NOT_REAL_XFIP,,,,,,1.07,22,22,129.33333333333334,0,0.0,2026,L
674841,Andrew Alvarez,WSH,3.35,3.35,LEGACY_ERA_NOT_REAL_XFIP,,,,,,1.27,15,23,102.0,8,0.3478,2026,L
702021,Will Dion,WSH,3.38,3.38,LEGACY_ERA_NOT_REAL_XFIP,,,,,,1.00,1,11,24.0,10,0.9091,2026,L
695418,Brad Lord,WSH,3.94,3.94,LEGACY_ERA_NOT_REAL_XFIP,,,,,,1.24,5,39,80.0,34,0.8718,2026,R
663992,Richard Lovelady,WSH,4.01,4.01,LEGACY_ERA_NOT_REAL_XFIP,,,,,,1.86,5,29,24.666666666666668,24,0.8276,2026,L
683000,Riley Cornelio,WSH,4.45,4.45,LEGACY_ERA_NOT_REAL_XFIP,,,,,,1.48,2,15,30.333333333333332,13,0.8667,2026,R
641793,Zack Littell,WSH,4.97,4.97,LEGACY_ERA_NOT_REAL_XFIP,,,,,,1.34,14,23,112.33333333333333,9,0.3913,2026,R
663623,Jake Irvin,WSH,5.51,5.51,LEGACY_ERA_NOT_REAL_XFIP,,,,,,1.41,19,20,96.33333333333333,1,0.05,2026,R
571945,Miles Mikolas,WSH,5.82,5.82,LEGACY_ERA_NOT_REAL_XFIP,,,,,,1.38,11,25,116.0,14,0.56,2026,R
800600,Jackson Kent,WSH,6.4,6.4,LEGACY_ERA_NOT_REAL_XFIP,,,,,,1.76,7,7,32.333333333333336,0,0.0,2026,L
687606,Paxton Schultz,WSH,6.4,6.4,LEGACY_ERA_NOT_REAL_XFIP,,,,,,1.70,1,27,32.333333333333336,26,0.963,2026,R
687223,Carson Palmquist,WSH,7.71,7.71,LEGACY_ERA_NOT_REAL_XFIP,,,,,,1.78,6,11,16.333333333333332,5,0.4545,2026,L
688692,Jared Simpson,WSH,10.38,10.38,LEGACY_ERA_NOT_REAL_XFIP,,,,,,1.85,1,4,4.333333333333333,3,0.75,2026,L
